{
  "type": "Topology",
  "objects": {
    "districts": {
      "type": "GeometryCollection",
      "geometries": [
        {
          "type": "MultiPolygon",
          "arcs": [
            [[0, 1]],
            [[2]],
            [[3]],
            [[4]],
            [[5]],
            [[6]],
            [[7]],
            [[8]],
            [[9]],
            [[10]],
            [[11]],
            [[12]],
            [[13]],
            [[14]],
            [[15]],
            [[16]],
            [[17]],
            [[18]],
            [[19]],
            [[20]],
            [[21]],
            [[22]],
            [[23]],
            [[24]],
            [[25]],
            [[26]],
            [[27]],
            [[28]],
            [[29]],
            [[30]],
            [[31]],
            [[32]],
            [[33]],
            [[34]],
            [[35]],
            [[36]],
            [[37]],
            [[38]],
            [[39]],
            [[40]],
            [[41]],
            [[42]],
            [[43]],
            [[44]],
            [[45]],
            [[46]],
            [[47]],
            [[48]],
            [[49]],
            [[50]],
            [[51]],
            [[52]],
            [[53]],
            [[54]],
            [[55]],
            [[56]],
            [[57]],
            [[58]],
            [[59]],
            [[60]],
            [[61]],
            [[62]],
            [[63]],
            [[64]],
            [[65]],
            [[66]],
            [[67]],
            [[68]],
            [[69]],
            [[70]],
            [[71]],
            [[72]],
            [[73]],
            [[74]],
            [[75]],
            [[76]],
            [[77]],
            [[78]],
            [[79]],
            [[80]],
            [[81]],
            [[82]],
            [[83]],
            [[84]],
            [[85]],
            [[86]],
            [[87]],
            [[88]],
            [[89]],
            [[90]],
            [[91]],
            [[92]],
            [[93]],
            [[94]],
            [[95]],
            [[96]],
            [[97]],
            [[98]],
            [[99]],
            [[100]],
            [[101]],
            [[102]],
            [[103]],
            [[104]],
            [[105]]
          ],
          "properties": {
            "dt_code": "639",
            "district": "North and Middle Andaman",
            "st_code": "35",
            "year": "2011_c",
            "st_nm": "Andaman and Nicobar Islands"
          }
        },
        {
          "type": "MultiPolygon",
          "arcs": [
            [[106]],
            [[107]],
            [[108]],
            [[109]],
            [[110]],
            [[111]],
            [[112]],
            [[113]],
            [[114]],
            [[115]],
            [[116]],
            [[117]],
            [[118]],
            [[119]],
            [[120]],
            [[121]],
            [[122]],
            [[123]],
            [[124]],
            [[125]],
            [[126]],
            [[127]],
            [[128]],
            [[129]],
            [[130]],
            [[131]],
            [[132]],
            [[133]],
            [[134]],
            [[135]],
            [[136]],
            [[137]],
            [[138]],
            [[139]],
            [[140]],
            [[141]],
            [[142]],
            [[143]],
            [[144]],
            [[145]],
            [[146]],
            [[147]],
            [[148]],
            [[149]],
            [[150]],
            [[151]],
            [[152]],
            [[153]],
            [[154]],
            [[155]],
            [[-1, 156]],
            [[157]],
            [[158]],
            [[159]],
            [[160]],
            [[161]],
            [[162]]
          ],
          "properties": {
            "dt_code": "640",
            "district": "South Andaman",
            "st_code": "35",
            "year": "2011_c",
            "st_nm": "Andaman and Nicobar Islands"
          }
        },
        {
          "type": "MultiPolygon",
          "arcs": [
            [[163]],
            [[164]],
            [[165]],
            [[166]],
            [[167]],
            [[168]],
            [[169]],
            [[170]],
            [[171]],
            [[172]],
            [[173]],
            [[174]],
            [[175]],
            [[176]],
            [[177]],
            [[178]],
            [[179]],
            [[180]],
            [[181]],
            [[182]],
            [[183]],
            [[184]],
            [[185]],
            [[186]],
            [[187]],
            [[188]],
            [[189]],
            [[190]],
            [[191]],
            [[192]],
            [[193]],
            [[194]],
            [[195]],
            [[196]],
            [[197]],
            [[198]],
            [[199]],
            [[200]],
            [[201]],
            [[202]]
          ],
          "properties": {
            "dt_code": "638",
            "district": "Nicobars",
            "st_code": "35",
            "year": "2011_c",
            "st_nm": "Andaman and Nicobar Islands"
          }
        }
      ]
    }
  },
  "arcs": [
    [
      [193.9601536922737, 106.49787721771975],
      [193.93439116006084, 106.36535780289171]
    ],
    [
      [193.93439116006084, 106.36535780289171],
      [193.86998482953004, 106.08138449065336],
      [194.41099800599113, 106.23283745634888],
      [194.14049141775922, 107.23618262275943],
      [193.9601536922737, 106.49787721771975]
    ],
    [
      [192.0923701068723, 105.83527082488706],
      [191.7574571881114, 105.79740689861671],
      [192.11813263908516, 105.4944927481132],
      [192.0923701068723, 105.83527082488706]
    ],
    [
      [206.3905754847665, 103.03313446917309],
      [206.19735649317317, 105.00224685949377],
      [205.63058078450103, 103.65797132172929],
      [206.3905754847665, 103.03313446917309]
    ],
    [
      [192.4916893561658, 101.91595008415572],
      [192.13101390519114, 103.6958395539665],
      [192.80083974271383, 103.08993867837205],
      [193.01982126652, 104.39638808945631],
      [192.77507721050188, 102.16211506909792],
      [193.81845976510522, 102.57869460824725],
      [193.72829090236155, 103.46862901574968],
      [194.30794787714058, 102.69230560486938],
      [194.44964180430907, 105.94886214705923],
      [194.20489774829093, 105.2483714127726],
      [193.30320912085517, 106.13817949543727],
      [192.33711416289043, 105.83527082488706],
      [192.05372630855345, 104.88864982621203],
      [191.6286445270489, 105.55128952246446],
      [191.52559439819925, 102.37040599478269],
      [192.4916893561658, 101.91595008415572]
    ],
    [
      [189.9540799332417, 101.63190954779952],
      [189.72221714333045, 101.4236104194315],
      [189.83814853828608, 101.15849908974508],
      [189.9540799332417, 101.63190954779952]
    ],
    [
      [191.66728832536774, 100.85551011977475],
      [191.5642381965181, 100.72295090433522],
      [191.74457592200451, 100.74188799255319],
      [191.66728832536774, 100.85551011977475]
    ],
    [
      [201.59874449325616, 102.21892191453912],
      [201.22518777617734, 101.70765411155458],
      [201.3797629694509, 101.3289282322138],
      [201.01908751847623, 101.55616467801792],
      [202.4489080562662, 104.13131874071132],
      [201.85636981538119, 101.49935582483215],
      [202.3716204596285, 101.23424556664759],
      [202.66788958007146, 101.78339836931002],
      [202.68077084617744, 101.76446233355648],
      [202.68077084617744, 101.80233438593837],
      [202.79670224113397, 102.01062930686498],
      [203.0414462971521, 101.00700521729095],
      [203.94313492458605, 100.76082506162368],
      [204.96075494697743, 103.31715379699472],
      [203.26042782095737, 102.73017578425856],
      [202.47467058847906, 104.16918601931275],
      [202.86110857166568, 104.86971692066129],
      [202.20416400024806, 105.32410139710964],
      [200.68417459971442, 104.39638808945631],
      [198.93232240927045, 104.5099880951725],
      [199.3058791263502, 103.65797132172929],
      [198.8421535465268, 104.5099880951725],
      [200.09163635882942, 104.66145370219829],
      [199.80824850449335, 105.77847490693932],
      [200.9804437201583, 105.64595043237705],
      [200.85163105909578, 107.67157995823834],
      [200.07875509272344, 108.46662744461287],
      [199.51197938404948, 107.12259905690075],
      [198.59740949050956, 107.10366839610447],
      [198.98384747369528, 107.82302015545451],
      [198.22385277342892, 109.99983886677785],
      [197.20623275103844, 109.84841610919136],
      [198.27537783785374, 110.83264238537117],
      [198.04351504794158, 111.40044197507473],
      [195.905224874311, 111.38151559613493],
      [197.15470768661453, 112.3467368396955],
      [196.0211562692666, 113.82286263512879],
      [195.71200588271768, 113.21728644215],
      [194.47540433652102, 114.40949617649551],
      [194.20489774829093, 113.36868229965717],
      [193.6896471040427, 113.65254628123319],
      [194.28218534492862, 112.27103498758652],
      [193.25168405643217, 113.63362214770643],
      [192.6977896138642, 111.93037291546875],
      [194.06320382112244, 107.97445913794525],
      [194.6815045942203, 108.16375615820095],
      [194.14049141775922, 107.59585940403565],
      [194.93912991634443, 105.91099844910434],
      [194.59133573147847, 103.73370770989072],
      [195.27404283510714, 101.70765411155458],
      [194.81031725528283, 101.10168903112242],
      [194.3594729415654, 102.37040599478269],
      [194.24354154660978, 101.8212703834455],
      [193.63812203961788, 102.4082768237422],
      [192.92965240377634, 101.49935582483215],
      [193.4964281124494, 99.47306072349772],
      [194.46252307041595, 100.28739258946939],
      [195.20963650457634, 99.01853449780117],
      [195.4930243589115, 99.58669055366363],
      [195.54454942333723, 98.8102062842355],
      [196.1628501964351, 99.0374733111662],
      [195.29980536732, 97.5412478993693],
      [194.72014839254007, 97.82535055263997],
      [194.99065498077016, 96.70785515834939],
      [196.66521957457644, 97.37078423133562],
      [197.73436466139356, 96.70785515834939],
      [199.28011659413824, 97.57912850301375],
      [199.2414727958203, 98.18520770654368],
      [200.27197408431675, 97.37078423133562],
      [200.74858093024613, 98.9617179425727],
      [200.41366801148524, 97.48442684972144],
      [202.02382627476163, 97.50336721882888],
      [201.41840676776883, 98.56399721939897],
      [201.89501361369912, 97.99581006906624],
      [202.7065333783903, 100.28739258946939],
      [203.35059668370104, 100.00332735903442],
      [202.20416400024806, 101.13956242267727],
      [201.31535663891918, 100.2116422829057],
      [201.80484475095636, 101.06381556301108],
      [201.48281309829963, 101.27211869027917],
      [201.59874449325616, 102.21892191453912]
    ],
    [
      [202.60348324954066, 101.51829212835696],
      [202.47467058847906, 101.13956242267727],
      [202.65500831396548, 101.3099917373703],
      [202.60348324954066, 101.51829212835696]
    ],
    [
      [203.94313492458605, 100.5714535092103],
      [203.85296606184238, 100.5146416700452],
      [203.91737239237318, 100.28739258946939],
      [203.94313492458605, 100.5714535092103]
    ],
    [
      [193.38049671749286, 98.82914530869971],
      [192.3499954289964, 101.4236104194315],
      [192.80083974271383, 98.8102062842355],
      [193.38049671749286, 98.82914530869971]
    ],
    [
      [192.51745188837776, 98.99959566524763],
      [192.4272830256341, 98.46930056130589],
      [192.59473948501454, 98.12838861701016],
      [192.51745188837776, 98.99959566524763]
    ],
    [
      [193.80557849899833, 98.10944888207985],
      [193.63812203961788, 98.14732833273058],
      [193.74117216846753, 98.01474991926477],
      [193.80557849899833, 98.10944888207985]
    ],
    [
      [194.6815045942203, 99.58669055366363],
      [194.5011668687348, 100.09801624823888],
      [193.7025283701496, 99.20792176802911],
      [194.32082914324656, 98.05262956202546],
      [194.6815045942203, 99.58669055366363]
    ],
    [
      [194.8231985213888, 98.43142176366052],
      [194.65574206200927, 98.37460342317104],
      [194.92624865023936, 97.97687019965508],
      [194.8231985213888, 98.43142176366052]
    ],
    [
      [190.752718431826, 97.80641051029102],
      [191.6801695914737, 98.26096622367095],
      [190.76559969793288, 102.6165650168673],
      [190.0056049976656, 99.45412235134904],
      [190.32763665032144, 97.63594926431176],
      [190.752718431826, 97.80641051029102]
    ],
    [
      [194.51404813483987, 97.8632305796865],
      [194.4238792720971, 97.80641051029102],
      [194.57845446537158, 97.67382967573508],
      [194.51404813483987, 97.8632305796865]
    ],
    [
      [202.33297666131057, 98.05262956202546],
      [202.33297666131057, 97.8632305796865],
      [202.48755185458504, 97.7685303679408],
      [202.33297666131057, 98.05262956202546]
    ],
    [
      [201.54721942883134, 97.2003190058507],
      [201.56010069493823, 97.35184372764468],
      [201.41840676776883, 97.4086651810378],
      [201.54721942883134, 97.2003190058507]
    ],
    [
      [206.35193168644764, 97.44654605383187],
      [206.81565726627105, 99.30261468370566],
      [205.47600559122566, 102.65443534907251],
      [205.33431166405717, 99.8139481431665],
      [204.74177342317216, 100.24951747450643],
      [204.9092298825526, 99.51093741025943],
      [203.9817787229049, 99.64350520987489],
      [204.02042252122374, 98.46930056130589],
      [204.81906101980894, 98.14732833273058],
      [205.86244357441137, 99.1889831273428],
      [206.27464408981086, 96.85938388121099],
      [206.35193168644764, 97.44654605383187]
    ],
    [
      [204.75465468927723, 95.34404120358101],
      [204.66448582653447, 95.24932819248647],
      [204.70312962485332, 95.09778637224792],
      [204.75465468927723, 95.34404120358101]
    ],
    [
      [202.1139951375044, 95.4576961807935],
      [203.95601619069294, 95.95019306564109],
      [201.05773131679598, 96.63209033508849],
      [201.0448500506891, 96.34796950516295],
      [199.18994773139548, 97.42760562704757],
      [197.6957208630747, 96.51844252282717],
      [196.62657577625941, 97.18137832908769],
      [195.53166815723034, 96.70785515834939],
      [194.9648924485582, 95.23038553243487],
      [194.5011668687348, 97.50336721882888],
      [194.57845446537158, 96.0449025120223],
      [193.84422229731717, 97.88217056438623],
      [191.4225442693487, 97.61700902976816],
      [190.6883121012952, 95.5145234092056],
      [190.0313675298794, 95.64711960100612],
      [190.46933057748993, 87.0263962061482],
      [189.9669611993486, 85.68082187130153],
      [190.64966830297817, 83.95606871536495],
      [189.606285748373, 82.28802160868429],
      [190.10865512651526, 82.28802160868429],
      [190.37916171474626, 80.27858163502492],
      [190.9588186895262, 80.2596236045647],
      [190.58526197244646, 76.73308799111817],
      [188.96222244306318, 75.67120185337922],
      [190.2117052553658, 75.38675755619829],
      [190.25034905368375, 75.97460420728078],
      [191.31949414050086, 73.20587019622701],
      [191.51271313209327, 74.43857779565792],
      [192.53033315448465, 73.54724374880493],
      [192.3499954289964, 72.25757665537571],
      [193.7025283701496, 71.17646155867169],
      [195.1581114401506, 71.29026618354408],
      [195.51878689112527, 73.37655777435543],
      [194.3723542076723, 74.55236197586976],
      [195.51878689112527, 73.60413871730543],
      [195.5574306894432, 77.7380304132862],
      [195.64759955218597, 72.44723932677414],
      [196.9614886950203, 71.95411225731061],
      [196.11132513200937, 71.55580752965898],
      [196.80691350174584, 70.96781789026716],
      [195.40285549616783, 67.97067071482968],
      [195.60895575386803, 67.15490537866151],
      [195.2869241012122, 67.97067071482968],
      [195.8408185437802, 69.7159054047894],
      [194.8231985213888, 71.11955897825305],
      [192.29847036457159, 70.98678559575649],
      [192.00220124412954, 69.52621414146597],
      [193.17439645979448, 69.26064303113276],
      [192.762195944395, 67.95169984655865],
      [193.25168405643217, 67.5722782956683],
      [192.13101390519114, 66.05451230792198],
      [191.46118806766754, 62.771905947851906],
      [192.23406403404078, 62.2595375805721],
      [192.68490834775912, 63.5688943565134],
      [192.77507721050188, 62.73395323686145],
      [192.23406403404078, 61.955904980038326],
      [191.47406933377442, 62.2595375805721],
      [191.6157632609429, 60.247875809278185],
      [192.19542023572194, 59.50767926299898],
      [192.68490834775912, 61.76613199557289],
      [192.78795847660786, 59.450739799304415],
      [193.032702532626, 60.60847329973865],
      [193.05846506483795, 59.29890034365337],
      [193.9601536922737, 58.72949090630266],
      [194.44964180430907, 59.58359826611127],
      [194.38523547377827, 59.279920321096256],
      [194.5011668687348, 59.01419789089505],
      [194.2306602805029, 57.83737965813032],
      [194.4238792720971, 58.36885555105846],
      [194.51404813483987, 58.976237221488645],
      [194.66862332811434, 58.61560684320875],
      [195.11946764183267, 59.052158479734885],
      [195.8408185437802, 64.70738793459304],
      [195.99539373705375, 63.815574081686805],
      [195.87946234209903, 63.815574081686805],
      [195.6991246166117, 61.538401764183845],
      [196.27878159139073, 61.0449763417181],
      [196.45911931687806, 62.54418847868453],
      [196.4333567846661, 61.31066864111256],
      [196.88420109838262, 61.15884495218711],
      [196.13708766422315, 61.007019977489904],
      [196.24013779307188, 60.039105522840146],
      [195.73776841493054, 61.40555779386136],
      [195.73776841493054, 60.11502227224082],
      [194.758792190858, 58.40681751001307],
      [194.87472358581454, 57.59061761895441],
      [195.621837019974, 57.875342746203614],
      [195.73776841493054, 58.99521756626223],
      [195.73776841493054, 57.83737965813032],
      [196.26590032528475, 58.5776453276419],
      [196.57505071183368, 57.72348990982641],
      [196.4977631151969, 57.5716357824175],
      [197.33504541210004, 57.761453239945126],
      [196.45911931687806, 57.49570823450483],
      [196.33030665581555, 55.787252999266684],
      [196.18861272864797, 56.14794050863213],
      [195.80217474546134, 55.46452640932455],
      [196.40759425245324, 55.59741453651043],
      [196.3560691880284, 55.71131785681325],
      [198.54588442608383, 55.255700206988536],
      [199.06113507033297, 56.07200690253967],
      [199.84689230281128, 55.63538239083209],
      [199.84689230281128, 55.5024945467884],
      [199.00961000590723, 55.939122313704615],
      [198.99672873980217, 55.04687155665101],
      [197.32216414599407, 54.951948633441475],
      [197.68283959696782, 54.325444647947506],
      [197.07742008997593, 54.97093325855985],
      [196.47200058298495, 52.80655552854603],
      [197.07742008997593, 51.268547992908225],
      [196.48488184909093, 51.36349058930625],
      [196.3045441236036, 50.56595698179842],
      [196.9614886950203, 48.4390251593162],
      [197.81165225803034, 49.86333812013788],
      [198.08215884626043, 48.780870725150635],
      [197.5025018714805, 47.9262444199602],
      [199.07401633643894, 47.75531420135178],
      [198.6360532888275, 47.09056985386201],
      [199.58926698068808, 46.197873792286714],
      [198.4428342972351, 46.97661116802544],
      [197.9018211207731, 46.29284360466704],
      [198.00487124962274, 47.318485019517084],
      [196.17573146254108, 46.46378797888315],
      [196.48488184909093, 44.450337944649846],
      [196.9614886950203, 44.75426967065425],
      [196.51064438130288, 41.39173268112893],
      [198.00487124962274, 42.702628666725104],
      [197.48962060537542, 40.764747827569295],
      [198.4428342972351, 41.353734236736386],
      [198.49435936165992, 39.89073154551238],
      [199.04825380422608, 40.099739402838395],
      [197.68283959696782, 38.807650894323615],
      [198.61029075661463, 38.2945893066435],
      [200.29773661652962, 39.43470574951323],
      [199.7051983756437, 38.237581535016375],
      [200.01434876219173, 37.72450322989664],
      [197.61843326643702, 36.926351494131495],
      [198.0306337818356, 35.443972933190935],
      [198.7004596193583, 35.80507674454145],
      [198.94520367537734, 35.46297858327864],
      [200.4394305436972, 36.37522544543697],
      [198.26249657174776, 34.72174288207327],
      [199.26723532803135, 32.57388187846152],
      [198.6360532888275, 32.40280190582371],
      [199.15130393307663, 30.558833080791146],
      [200.5167181403349, 31.01509101585043],
      [200.60688700307765, 29.247024681269977],
      [199.65367331121888, 29.228012235748906],
      [198.52012189387187, 27.935116987768197],
      [198.66181582104036, 27.307647729435985],
      [199.67943584343084, 27.34567681714327],
      [199.91129863334208, 26.375908954101988],
      [198.58452822440267, 25.67231781485009],
      [199.12554140086468, 25.425103312387137],
      [199.67943584343084, 21.164850377753055],
      [200.58112447086478, 21.431147076805928],
      [200.5682432047597, 21.107786262642207],
      [201.8434885492752, 19.985486812732233],
      [199.89841736723702, 19.9474414783042],
      [199.93706116555404, 19.12944638734666],
      [200.3879054792733, 18.520680537148337],
      [201.68891335599983, 19.281634473387953],
      [201.94653867812303, 18.44458328595954],
      [202.21704526635403, 19.148469971945133],
      [202.69365211228433, 19.167493535444578],
      [201.85636981538119, 17.60749121789206],
      [203.05432756325808, 17.417237315226203],
      [202.06247007307957, 15.990265627140616],
      [201.93365741201796, 14.182597140535563],
      [203.55669694140033, 14.106480584620158],
      [204.27804784334876, 12.431830400747799],
      [205.19261773688868, 12.146362249219465],
      [206.15871269485524, 13.554625398262601],
      [205.41159926069486, 14.239684334672916],
      [206.13295016264237, 14.239684334672916],
      [206.27464408981086, 12.279581315345695],
      [204.99939874529628, 9.824376742146796],
      [207.13768891892778, 9.95761399381945],
      [208.55462819060995, 9.06300096877203],
      [208.97970997211542, 10.10988385933797],
      [209.82987353512544, 10.262152360547475],
      [210.03597379282473, 6.950004244434126],
      [211.8007072493756, 9.405624290870378],
      [211.96816370875604, 7.159412072470104],
      [212.75392094123526, 6.588293716626254],
      [212.97290246504144, 7.3307438249469214],
      [213.91323489079332, 10.12891749659559],
      [213.64272830256414, 12.774385868139575],
      [213.08883385999616, 14.715403527522994],
      [212.1871452325613, 14.620260749485169],
      [212.07121383760568, 14.886659192048455],
      [212.09697636981855, 14.848602526134073],
      [213.0630713277842, 15.26722118737132],
      [213.23052778716465, 16.808410617798472],
      [210.3193616471617, 16.618147832900263],
      [210.1261426555675, 17.379186281018065],
      [210.84749355751592, 16.770358230077704],
      [211.4529130645078, 17.284058325508795],
      [211.44003179840092, 16.979645315395942],
      [213.55255943982047, 17.379186281018065],
      [213.24340905327063, 18.08311672846014],
      [213.990522487431, 19.110422781648367],
      [215.09831137256515, 17.854818131560137],
      [214.89221111486586, 19.58600659530248],
      [215.65220581513313, 18.844090086171263],
      [215.58779948460142, 19.54796037534038],
      [214.05492881796272, 20.974635923882374],
      [213.30781538380234, 20.632244600744457],
      [213.51391564150163, 21.08876484883558],
      [212.62510828017275, 21.259956815269447],
      [210.82173102530305, 19.64307576708279],
      [211.8651135799064, 21.431147076805928],
      [213.6684908347761, 21.56429387951971],
      [212.5864644818539, 22.363153050339974],
      [213.64272830256414, 22.382173054690156],
      [213.10171512610214, 23.257070538479184],
      [211.09223761353405, 22.591391715257146],
      [209.82987353512544, 24.474245301336055],
      [209.1858102298138, 22.800607832885248],
      [208.81225351273497, 23.08589844172036],
      [209.00547250432737, 22.230012431257478],
      [207.40819550715696, 22.077850462241713],
      [208.245477804061, 22.534332332774966],
      [207.76887095813163, 23.31412752604922],
      [207.09904512060893, 22.819627353867645],
      [208.1166651429985, 24.645403610746598],
      [208.42581552954834, 24.43620989080216],
      [210.28071784884287, 25.82444805719092],
      [210.1261426555675, 25.253952736917995],
      [210.68003709813456, 25.40608666557648],
      [210.4610555743293, 26.394924533162566],
      [209.70106087406384, 26.54704841240698],
      [210.25495531663, 27.04144177421051],
      [209.08276010096506, 27.763991264741776],
      [210.42241177600954, 27.060456621190724],
      [211.01495001689636, 28.961835808343267],
      [210.91189988804672, 27.307647729435985],
      [209.94580493008107, 26.528033000728783],
      [210.73156216255938, 26.85129215435279],
      [210.96342495247245, 26.394924533162566],
      [210.6542745659226, 26.451971144798904],
      [211.44003179840092, 24.987715135036638],
      [211.23393154070163, 26.014608975715646],
      [211.77494471716363, 26.261815040302395],
      [211.14376267795797, 26.375908954101988],
      [211.41426926618897, 27.04144177421051],
      [211.55596319335746, 26.43295562851017],
      [212.30307662751784, 26.642125156995803],
      [211.7234196527379, 26.79424686060463],
      [211.6590133222071, 28.125254695742683],
      [212.8698523361909, 27.821033360424167],
      [213.397984246546, 29.11393712462518],
      [213.16612145663294, 28.201309194191822],
      [214.04204755185583, 27.763991264741776],
      [213.91323489079332, 29.7223290423957],
      [215.38169922690213, 28.448484006965373],
      [213.05019006167822, 35.15888569682534],
      [213.21764652105867, 42.018695140765544],
      [212.10985763592453, 42.664633058021195],
      [212.89561486840284, 43.08258023726262],
      [211.0535938152152, 45.79899499720318],
      [210.49969937264814, 45.30513256013569],
      [209.6495358096381, 46.06491519610631],
      [208.41293426344237, 45.115181784822425],
      [209.14716643149586, 46.824665109493026],
      [208.09090261078654, 46.72969815883948],
      [206.26176282370488, 44.54531717242253],
      [207.3180266444133, 44.184393381486416],
      [206.73836966963427, 43.70948238286962],
      [207.20209524945767, 42.93060059436414],
      [207.89768361919323, 43.17756684705728],
      [207.8461585547684, 42.664633058021195],
      [206.54515067804095, 42.87360788959677],
      [207.07328258839607, 39.130681957132424],
      [206.67396333910347, 40.42274664464105],
      [206.28752535591684, 40.06173815960415],
      [206.33905042034257, 43.424529631720816],
      [205.7078683811378, 43.424529631720816],
      [205.95261243715504, 42.68363087263924],
      [205.47600559122566, 43.80446560777136],
      [203.86584732794927, 41.030744137837246],
      [203.06720882936497, 41.20173963654236],
      [203.15737769210864, 40.346745476032766],
      [202.95127743440844, 41.277737101171624],
      [203.8400847957373, 41.182740218965705],
      [204.79329848759699, 43.08258023726262],
      [203.99465998901178, 43.7664723793315],
      [204.81906101980894, 43.95643770133381],
      [203.6339845380371, 46.558756360177654],
      [204.1105913839674, 46.29284360466704],
      [204.39397923830438, 47.546397244467926],
      [203.55669694140033, 47.052583706963674],
      [204.53567316547196, 48.11616494643056],
      [204.88346735033974, 47.75531420135178],
      [204.89634861644663, 48.98977309690042],
      [206.02990003379273, 48.5909573375385],
      [205.6434620506061, 49.54050389365261],
      [206.5193881458281, 49.654446057391965],
      [204.6387232943216, 51.610338962104834],
      [204.6387232943216, 49.44555153041233],
      [203.6597470702509, 48.15414880688047],
      [202.96415870051442, 49.1227096857607],
      [202.88687110387764, 48.38205025598188],
      [201.88213234759223, 52.50276212935876],
      [200.7743434624581, 52.123013073121],
      [200.9160373896275, 52.44580028859366],
      [199.98858622997977, 52.59769812469381],
      [200.9031561235206, 52.57871096621875],
      [201.09637511511482, 53.717904568044446],
      [200.3106178826347, 54.09761954922567],
      [201.05773131679598, 54.05964841583216],
      [201.0448500506891, 54.87600993058129],
      [202.2428077985669, 54.55326683014073],
      [202.08823260529243, 55.86318781822001],
      [203.67262833635596, 55.12280953096149],
      [203.73703466688767, 53.05338384062634],
      [204.0461850534357, 54.2115324632025],
      [205.50176812343852, 53.86979153318782],
      [204.36821670609243, 55.920138720156956],
      [205.6434620506061, 56.12895713742512],
      [205.75939344556355, 57.932287227048505],
      [206.7254884035283, 58.16006333548887],
      [205.41159926069486, 59.925229795219366],
      [206.49362561361704, 60.646430508088315],
      [206.19735649317317, 59.6974761669527],
      [207.1763327172457, 59.450739799304415],
      [207.5885332326443, 61.51942411438495],
      [205.7851559777755, 63.89147485463252],
      [207.29226411220134, 64.21404956555625],
      [208.6576783194596, 66.35807572434067],
      [208.5159843922911, 67.91375805023279],
      [209.46919808415078, 68.52081722808009],
      [208.49022186007824, 68.35008389608538],
      [207.88480235308725, 69.4123984287645],
      [208.4644593278672, 69.64002913811555],
      [207.87192108698036, 74.55236197586976],
      [206.81565726627105, 74.43857779565792],
      [207.64005829707003, 76.31592581611949],
      [207.89768361919323, 74.89371024647176],
      [207.7173458937068, 78.30684122255161],
      [208.27124033627388, 78.24996093890752],
      [209.08276010096506, 80.39232940548663],
      [208.34852793291157, 82.45862429322028],
      [207.3953142410519, 83.00833326638701],
      [208.7220846499913, 83.6717532141995],
      [208.09090261078654, 84.37305682873364],
      [207.13768891892778, 83.44429764570714],
      [206.48074434750924, 84.7331753169592],
      [205.83668104219942, 84.10770185094316],
      [206.21023775928006, 85.71872671881408],
      [205.41159926069486, 85.8324407932572],
      [205.16685520467763, 85.09328675556299],
      [205.02516127750823, 85.07433369765454],
      [205.4502430590137, 85.908249786174],
      [207.94920868361805, 85.3396747322646],
      [206.5837944763598, 87.10220028839376],
      [205.14109267246477, 87.50016660953065],
      [204.81906101980894, 86.93164066518432],
      [204.70312962485332, 87.36751212300737],
      [205.5146493895445, 88.03077502067208],
      [204.69024835874643, 90.09621263423094],
      [203.74991593299364, 87.78442301243786],
      [202.87398983777075, 87.5570182403834],
      [203.53093440918838, 87.06429828621651],
      [202.3716204596285, 87.32961066596215],
      [203.00280249883326, 86.51471049988629],
      [202.5777207173278, 85.45339114763715],
      [202.93839616830246, 86.51471049988629],
      [202.26857033077977, 87.2159058276194],
      [201.99806374254877, 86.40100063639284],
      [201.79196348484948, 87.2538075182714],
      [200.87739359130865, 86.4957589046877],
      [200.87739359130865, 85.98405846709079],
      [201.44416929998079, 86.32519367096847],
      [200.80010599467096, 85.43443846052128],
      [200.72281839803418, 86.43890400217333],
      [199.48621685183753, 83.33056880533923],
      [199.62791077900602, 83.89920596701768],
      [198.5716469582976, 83.40638811049087],
      [199.35740419077501, 84.24037981856213],
      [199.3702854568819, 84.24037981856213],
      [199.38316672298697, 84.2593337357738],
      [199.48621685183753, 84.37305682873364],
      [199.42181052130672, 84.37305682873364],
      [199.82112977059933, 85.45339114763715],
      [199.44757305351868, 84.90375529802827],
      [199.74384217396255, 85.94615416563101],
      [202.80958350723995, 88.44767093163807],
      [202.15263893582323, 89.56566352766959],
      [201.14790017953874, 87.91707450229774],
      [201.13501891343367, 88.80770982825686],
      [200.18180522157218, 88.86455743378247],
      [199.7696047061745, 87.97392484901377],
      [199.47333558573064, 88.33397298013801],
      [198.5072406277659, 88.10657497725788],
      [197.7601271936055, 87.48121602698916],
      [198.1079213784733, 86.64737112070532],
      [197.72148339528667, 87.48121602698916],
      [198.3655467005974, 88.03077502067208],
      [196.72962590510815, 87.82232353538257],
      [196.98725122723317, 85.92720198565223],
      [196.0855625997974, 84.56259375412003],
      [196.38183172024128, 85.62396445374043],
      [195.05506131130187, 85.47234381524174],
      [195.71200588271768, 85.6618694182871],
      [195.73776841493054, 85.60501194220683],
      [196.88420109838262, 85.96510632610978],
      [196.12420639811626, 87.89812434782061],
      [199.07401633643894, 88.52346917717216],
      [198.86791607873965, 89.16774171022632],
      [198.05639631404756, 88.75086204784918],
      [199.3702854568819, 89.7740953484008],
      [198.1079213784733, 89.31933198376237],
      [196.9614886950203, 90.47516696894274],
      [198.1079213784733, 89.3572293579482],
      [199.67943584343084, 89.90673255702097],
      [199.61502951290004, 90.62674653077374],
      [199.33164165856306, 90.55095690497558],
      [199.66655457732486, 90.94884898001635],
      [199.06113507033297, 91.10042466502671],
      [199.89841736723702, 91.13831839250383],
      [198.61029075661463, 92.35087676976377],
      [199.94994243166093, 91.10042466502671],
      [201.13501891343367, 92.63505867199706],
      [200.1045176249354, 93.1465751311282],
      [202.79670224113397, 93.58230026010176],
      [203.87872859405616, 95.23038553243487],
      [202.52619565290297, 94.4347763961407],
      [202.1011138713984, 95.13567194298946],
      [203.02856503104613, 95.15461469943898],
      [202.1139951375044, 95.4576961807935]
    ],
    [
      [204.3166916416667, 94.88941435443053],
      [204.22652277892303, 94.71892642225794],
      [204.32957290777358, 94.79469902944425],
      [204.3166916416667, 94.88941435443053]
    ],
    [
      [204.9736362130834, 93.6770217617966],
      [204.62584202821563, 94.92730034941485],
      [204.58719822989679, 94.03695906478401],
      [204.9736362130834, 93.6770217617966]
    ],
    [
      [203.09297136157693, 89.94462872768861],
      [203.49229061086953, 90.55095690497558],
      [202.8353460394519, 92.1993113087484],
      [200.06587382661655, 90.8541135470407],
      [200.55536193865282, 89.92568065205717],
      [202.62924578175262, 90.64569388875225],
      [203.09297136157693, 89.94462872768861]
    ],
    [
      [203.85296606184238, 89.84988815548036],
      [203.73703466688767, 89.84988815548036],
      [203.78855973131158, 89.67935390286289],
      [203.85296606184238, 89.84988815548036]
    ],
    [
      [200.11739889104228, 89.47092101448357],
      [200.0272300282977, 89.24353700236111],
      [200.18180522157218, 89.33828068056482],
      [200.11739889104228, 89.47092101448357]
    ],
    [
      [201.32823790502516, 89.62250880261968],
      [201.0319687845831, 89.31933198376237],
      [201.7017946221058, 89.0729971580455],
      [201.32823790502516, 89.62250880261968]
    ],
    [
      [199.52486065015637, 88.95930305440447],
      [199.92417989944897, 89.39512665446125],
      [199.035372538121, 88.67506473524816],
      [199.52486065015637, 88.95930305440447]
    ],
    [
      [204.16211644839223, 88.99720116665742],
      [203.8400847957373, 88.97825212024475],
      [203.85296606184238, 88.71296343041558],
      [204.16211644839223, 88.99720116665742]
    ],
    [
      [207.74310842591876, 88.08762501728438],
      [207.987852481936, 89.26248577684134],
      [206.97023245954642, 90.22884753392043],
      [206.0427812998987, 93.46863382057836],
      [205.19261773688868, 92.36982236532504],
      [205.88820610662333, 91.5172514051942],
      [205.68210584892495, 90.22884753392043],
      [206.49362561361704, 88.99720116665742],
      [207.22785778167054, 89.43302387330516],
      [207.74310842591876, 88.08762501728438]
    ],
    [
      [188.45985306492184, 80.52503424447298],
      [188.98798497527514, 80.61982282632425],
      [188.49849686323978, 81.87098614469903],
      [187.86731482403593, 81.03688675832336],
      [188.45985306492184, 80.52503424447298]
    ],
    [
      [190.18594272315386, 73.56620875809892],
      [190.10865512651526, 73.50931367083342],
      [190.18594272315386, 73.41448812947817],
      [190.18594272315386, 73.56620875809892]
    ],
    [
      [191.8991511152799, 72.4282731488355],
      [191.79610098642934, 72.46620548489409],
      [191.8218635186431, 72.3713744960886],
      [191.8991511152799, 72.4282731488355]
    ],
    [
      [190.98458122173906, 69.69693636795068],
      [190.8171247623577, 70.60742771282617],
      [190.66254956908324, 69.77281239599222],
      [190.98458122173906, 69.69693636795068]
    ],
    [
      [191.64152579315487, 69.7159054047894],
      [191.2293252777572, 70.20909338399474],
      [191.43542553545558, 69.45033707923176],
      [191.64152579315487, 69.7159054047894]
    ],
    [
      [191.7574571881114, 66.64266178510866],
      [192.0794888407654, 67.02210288068295],
      [191.9635574458107, 67.26873531327851],
      [191.7574571881114, 66.64266178510866]
    ],
    [
      [186.91410113217626, 64.19507474271984],
      [186.8754573338565, 64.10020032826515],
      [186.99138872881304, 63.92942512095283],
      [186.91410113217626, 64.19507474271984]
    ],
    [
      [191.52559439819925, 63.58786984017149],
      [191.73169465589854, 64.7832849446894],
      [191.2164440116503, 62.923715989783204],
      [191.52559439819925, 63.58786984017149]
    ],
    [
      [190.59814323855244, 59.944209133452546],
      [190.85576856067655, 63.701722321459215],
      [191.79610098642934, 65.75094377835626],
      [191.26796907607513, 65.2007127799767],
      [191.2293252777572, 67.83787421842999],
      [190.58526197244646, 66.94621530008783],
      [190.66254956908324, 63.89147485463252],
      [189.6320482805868, 62.2595375805721],
      [190.59814323855244, 59.944209133452546]
    ],
    [
      [191.886269849173, 59.621557646898964],
      [191.73169465589854, 59.7923738642088],
      [191.91203238138587, 59.31788034607678],
      [191.886269849173, 59.621557646898964]
    ],
    [
      [192.13101390519114, 58.04617564423245],
      [192.20830150182792, 58.08413828863786],
      [192.06660757466034, 58.17904454679615],
      [192.13101390519114, 58.04617564423245]
    ],
    [
      [191.8991511152799, 57.438762361703766],
      [190.85576856067655, 59.811353343289625],
      [191.01034375395102, 58.122100852389394],
      [191.8991511152799, 57.438762361703766]
    ],
    [
      [194.60421699758353, 57.0970833106104],
      [194.47540433652102, 58.122100852389394],
      [194.24354154660978, 57.21097705425484],
      [194.60421699758353, 57.0970833106104]
    ],
    [
      [193.57371570908708, 55.61639847378183],
      [193.50930937855537, 55.16077839670572],
      [193.71540963625557, 55.42655819095512],
      [193.57371570908708, 55.61639847378183]
    ],
    [
      [203.41500301423184, 55.179762799228115],
      [203.3119528853822, 55.16077839670572],
      [203.36347794980702, 55.02788701248369],
      [203.41500301423184, 55.179762799228115]
    ],
    [
      [193.98591622448475, 54.819055690911114],
      [193.7025283701496, 55.71131785681325],
      [193.8313410312112, 53.92674881073833],
      [193.98591622448475, 54.819055690911114]
    ],
    [
      [194.73302965864514, 53.81283407325657],
      [194.6815045942203, 53.73689050962173],
      [194.73302965864514, 53.69891860619941],
      [194.73302965864514, 53.81283407325657]
    ],
    [
      [196.40759425245324, 53.86979153318782],
      [197.0387762916571, 55.1417939739506],
      [196.4333567846661, 55.540462603350534],
      [195.18387397236347, 54.15457609737348],
      [196.40759425245324, 53.86979153318782]
    ],
    [
      [201.45705056608767, 54.040662818745204],
      [201.3797629694509, 53.983705905920374],
      [201.3797629694509, 53.9457345293946],
      [201.45705056608767, 54.040662818745204]
    ],
    [
      [194.53981066705273, 53.679932624086064],
      [194.33371040935344, 53.41412674602691],
      [194.6299795297955, 53.09135712281227],
      [194.53981066705273, 53.679932624086064]
    ],
    [
      [204.6387232943216, 53.96472022778869],
      [204.53567316547196, 53.9457345293946],
      [204.70312962485332, 53.79384821274755],
      [204.6387232943216, 53.96472022778869]
    ],
    [
      [206.59667574246578, 53.69891860619941],
      [206.3132878881297, 54.19254702818341],
      [205.96549370326193, 53.77486233197294],
      [206.59667574246578, 53.69891860619941]
    ],
    [
      [195.0937051096198, 52.65465947835014],
      [195.32556789953105, 53.01541047730268],
      [195.06794257740694, 53.717904568044446],
      [195.0937051096198, 52.65465947835014]
    ],
    [
      [194.5655731992656, 52.50276212935876],
      [194.46252307041595, 53.148316893969536],
      [194.17913521607807, 52.46478758914668],
      [194.5655731992656, 52.50276212935876]
    ],
    [
      [201.5085756305125, 52.76858163774625],
      [202.0367075408667, 52.958450280178226],
      [202.0367075408667, 53.77486233197294],
      [201.46993183219456, 53.69891860619941],
      [201.5085756305125, 52.76858163774625]
    ],
    [
      [188.0090087512035, 51.57236251289714],
      [188.0090087512035, 51.553374257814994],
      [188.06053381562742, 51.534385982412005],
      [188.0090087512035, 51.57236251289714]
    ],
    [
      [188.03477128341547, 51.43944430057945],
      [188.12494014615913, 51.515397686688175],
      [187.9574836867796, 51.496409370643505],
      [188.03477128341547, 51.43944430057945]
    ],
    [
      [188.38256546828416, 51.4774210342772],
      [188.1378214122651, 51.496409370643505],
      [188.31815913775245, 51.42045590324608],
      [188.38256546828416, 51.4774210342772]
    ],
    [
      [187.80290849350422, 51.32551361172318],
      [187.8801960901419, 51.43944430057945],
      [187.73850216297342, 51.401467485590274],
      [187.80290849350422, 51.32551361172318]
    ],
    [
      [187.82867102571709, 51.24955941264932],
      [187.86731482403593, 51.30652509244521],
      [187.79002722739824, 51.287536552839356],
      [187.82867102571709, 51.24955941264932]
    ],
    [
      [188.04765254952326, 51.287536552839356],
      [188.06053381562742, 51.401467485590274],
      [187.91883988846075, 51.38247904761033],
      [188.04765254952326, 51.287536552839356]
    ],
    [
      [187.9446024206727, 51.24955941264932],
      [187.91883988846075, 51.211582191149546],
      [187.9574836867796, 51.17360488833697],
      [187.9446024206727, 51.24955941264932]
    ],
    [
      [203.33771541759415, 52.27491367012033],
      [203.11873389378889, 52.52174936901838],
      [203.19602149042748, 52.27491367012033],
      [203.33771541759415, 52.27491367012033]
    ],
    [
      [187.9446024206727, 51.11663878164791],
      [187.76426469518537, 51.192593549907315],
      [187.90595862235477, 50.98371715445137],
      [187.9446024206727, 51.11663878164791]
    ],
    [
      [208.29700286848583, 51.57236251289714],
      [208.77360971441612, 51.743255894315666],
      [207.43395803936983, 52.08503772081599],
      [208.29700286848583, 51.57236251289714]
    ],
    [
      [189.70933587722357, 48.458016752970366],
      [191.4096630032427, 49.198673002489954],
      [190.752718431826, 51.686291616699464],
      [191.5642381965181, 51.80021998909308],
      [191.04898755226986, 53.33818147957459],
      [191.51271313209327, 55.71131785681325],
      [190.71407463350715, 56.22387379136319],
      [191.37101920492387, 56.71743224920078],
      [190.07001132819641, 59.18501990627203],
      [188.0734150817343, 59.41278005618767],
      [188.30527787164647, 60.47562243723303],
      [188.93645991085032, 59.96318845156702],
      [189.24561029740016, 60.87417206971145],
      [188.30527787164647, 61.51942411438495],
      [187.8157897596102, 63.30323548167587],
      [186.39885048792712, 57.68552649901699],
      [187.58392696969895, 56.261840311476476],
      [188.6144282581963, 51.9711111765115],
      [188.0218900173104, 50.28111485535578],
      [189.70933587722357, 48.458016752970366]
    ],
    [
      [211.27257533902048, 48.078181004370435],
      [208.7864909805212, 50.527978296107904],
      [209.95868619618614, 50.945739363684424],
      [209.391910487514, 52.61668526287281],
      [208.88954110937175, 51.04068368810056],
      [207.7302271598137, 50.774838298616714],
      [207.6529395631751, 50.167176722781846],
      [208.43869679565523, 50.05323785748942],
      [207.49836436990063, 49.23665453859485],
      [208.1166651429985, 48.64793156790813],
      [208.94106617379657, 50.24313555923868],
      [210.08749885724865, 48.93279996739102],
      [209.82987353512544, 48.268099898609876],
      [211.27257533902048, 48.078181004370435]
    ],
    [
      [209.97156746229302, 47.9262444199602],
      [209.90716113176222, 47.83128339149118],
      [210.0488550589298, 47.77430652950204],
      [209.97156746229302, 47.9262444199602]
    ],
    [
      [205.93973117104906, 46.159885724198034],
      [206.66108207299658, 46.06491519610631],
      [206.89294486290964, 48.05918900273559],
      [205.1153301402519, 47.29949220137519],
      [205.4373617929068, 45.79899499720318],
      [205.93973117104906, 46.159885724198034]
    ],
    [
      [205.15397393857074, 45.00121033689231],
      [204.88346735033974, 44.7732652294045],
      [205.07668634193396, 44.412346110111116],
      [205.15397393857074, 45.00121033689231]
    ],
    [
      [206.15871269485524, 44.31736616515923],
      [206.1200688965364, 44.051419593474066],
      [206.21023775928006, 44.16539718754939],
      [206.15871269485524, 44.31736616515923]
    ],
    [
      [205.07668634193396, 43.728479068864885],
      [204.89634861644663, 43.50051748329247],
      [204.9865174791903, 43.348541451909114],
      [205.07668634193396, 43.728479068864885]
    ],
    [
      [204.93499241476457, 43.38653558284659],
      [204.83194228591583, 43.31054723890418],
      [204.8577048181278, 43.04458544968588],
      [204.93499241476457, 43.38653558284659]
    ],
    [
      [192.0279637763415, 41.37273346921472],
      [192.0279637763415, 41.20173963654236],
      [192.18253896961596, 41.049743719976846],
      [192.0279637763415, 41.37273346921472]
    ],
    [
      [191.38390047103076, 40.84074718488205],
      [190.0828925943033, 42.79761732917814],
      [189.7608609416484, 40.99274491183951],
      [191.38390047103076, 40.84074718488205]
    ],
    [
      [196.66521957457644, 35.84308723734034],
      [196.54928817962173, 35.67203936773501],
      [196.71674463900217, 35.710050150321194],
      [196.66521957457644, 35.84308723734034]
    ],
    [
      [214.9952612437155, 32.00360875680144],
      [214.87932984875988, 31.908561417789315],
      [214.85356731654792, 31.718465180332487],
      [214.9952612437155, 32.00360875680144]
    ],
    [
      [215.08543010645826, 31.83252317233223],
      [215.03390504203526, 31.585396576765447],
      [215.1240739047771, 31.62341628177535],
      [215.08543010645826, 31.83252317233223]
    ],
    [
      [216.03864379831884, 26.318862091370875],
      [216.270506588231, 26.4139400912984],
      [215.8067810084067, 26.604094521918],
      [216.03864379831884, 26.318862091370875]
    ],
    [
      [212.47053308689829, 24.41719215407784],
      [212.35460169194266, 26.185752012557373],
      [211.8522323137995, 25.8434642432577],
      [212.47053308689829, 24.41719215407784]
    ],
    [
      [208.528865658398, 24.150941637667984],
      [208.43869679565523, 23.92272363672862],
      [208.6447970533536, 23.789595074132308],
      [208.528865658398, 24.150941637667984]
    ],
    [
      [211.37562546787012, 23.9417419188743],
      [211.37562546787012, 23.846650298301256],
      [211.4657943306147, 23.846650298301256],
      [211.37562546787012, 23.9417419188743]
    ],
    [
      [211.90375737822433, 23.69450261410259],
      [211.77494471716363, 23.808613503175252],
      [211.81358851548066, 23.69450261410259],
      [211.90375737822433, 23.69450261410259]
    ],
    [
      [212.17426396645624, 23.238051500622987],
      [212.09697636981855, 23.86566866438568],
      [211.96816370875604, 23.42824093423917],
      [212.17426396645624, 23.238051500622987]
    ],
    [
      [216.2061002577002, 21.906666638413867],
      [215.96135620168116, 21.83058439210936],
      [216.0644063305308, 21.77352248652153],
      [216.2061002577002, 21.906666638413867]
    ],
    [
      [216.50236937814225, 21.640377303877585],
      [216.43796304761054, 21.583314767168872],
      [216.51525064424823, 21.526252041097678],
      [216.50236937814225, 21.640377303877585]
    ],
    [
      [216.3349129187627, 20.955614362700317],
      [216.3993192492926, 21.01267898308174],
      [216.34779418486687, 21.01267898308174],
      [216.3349129187627, 20.955614362700317]
    ],
    [
      [214.7247546554854, 20.860506240948098],
      [215.729493411769, 23.066879214843993],
      [217.0562638207084, 23.903705333598737],
      [216.05152506442482, 24.360138818071277],
      [215.34305542858328, 26.166736203298115],
      [215.0081425098224, 24.34112099745596],
      [213.59120323813931, 24.835577518286527],
      [214.0678100840687, 23.028840698076806],
      [213.55255943982047, 22.05883012149161],
      [214.3383166722988, 21.81156377794821],
      [213.41086551265107, 21.3360415864139],
      [214.7247546554854, 20.860506240948098]
    ],
    [
      [215.13695517088308, 20.49909057663615],
      [215.0725488403541, 20.40397992743135],
      [215.24000529973364, 20.308868751507134],
      [215.13695517088308, 20.49909057663615]
    ],
    [
      [197.92758365298687, 18.026042364450973],
      [198.24961530564087, 18.159215584728827],
      [197.95334618519882, 19.07237550695254],
      [197.92758365298687, 18.026042364450973]
    ],
    [
      [217.12067015124012, 18.615801626068333],
      [216.8759260952229, 18.197264886124117],
      [217.28812661062148, 17.93091800190507],
      [217.12067015124012, 18.615801626068333]
    ],
    [
      [217.24948281230263, 18.520680537148337],
      [217.4040580055771, 17.93091800190507],
      [217.44270180389594, 18.197264886124117],
      [217.24948281230263, 18.520680537148337]
    ],
    [
      [199.98858622997977, 16.789384434516137],
      [199.39604798909386, 17.873843130840896],
      [198.53300315997876, 17.816768069607292],
      [198.73910341767714, 16.561068584829286],
      [199.98858622997977, 16.789384434516137]
    ],
    [
      [215.8583060728315, 17.150878299731858],
      [215.6779683473451, 18.406534533672016],
      [215.49763062185775, 17.721642544923498],
      [215.8583060728315, 17.150878299731858]
    ],
    [
      [216.2061002577002, 16.96061932249802],
      [216.2576253221241, 16.979645315395942],
      [216.16745645938136, 16.998671287144475],
      [216.2061002577002, 16.96061932249802]
    ],
    [
      [217.5328706666396, 16.637174206603504],
      [217.98371498035613, 17.169904081139293],
      [217.62303952938328, 17.074774962631523],
      [217.5328706666396, 16.637174206603504]
    ],
    [
      [201.85636981538119, 11.289929076483645],
      [201.94653867812303, 12.05120513538077],
      [201.5729819610433, 11.841857613060938],
      [201.85636981538119, 11.289929076483645]
    ],
    [
      [205.20549900299648, 11.385090446012555],
      [204.88346735033974, 11.689603252654592],
      [205.16685520467763, 11.09960474070931],
      [205.20549900299648, 11.385090446012555]
    ],
    [
      [204.32957290777358, 10.014715353283577],
      [204.39397923830438, 9.557899103982095],
      [204.76753595538412, 9.767274743003895],
      [204.32957290777358, 10.014715353283577]
    ],
    [
      [202.1784014680361, 9.310451839323832],
      [202.35873919352343, 9.500796209057398],
      [202.21704526635403, 9.672104317915114],
      [202.1784014680361, 9.310451839323832]
    ],
    [
      [214.55729819610406, 7.9208732716097074],
      [214.4542480672544, 7.616292896692244],
      [214.75051718769737, 7.483037261878735],
      [214.55729819610406, 7.9208732716097074]
    ],
    [
      [210.95054368636556, 7.292670251878235],
      [210.74444342866627, 7.197485944951609],
      [210.89901862194074, 7.026152845018373],
      [210.95054368636556, 7.292670251878235]
    ],
    [
      [204.08482885175454, 5.02713856044943],
      [202.8353460394519, 6.85481801234198],
      [203.2475465548505, 5.217531049000286],
      [204.08482885175454, 5.02713856044943]
    ],
    [
      [215.48474935575177, 1.352142976755431],
      [214.08069135017467, 3.542003530944612],
      [213.84882856026252, 2.3614183883494206],
      [214.8020422521222, 1.2188379310422306],
      [215.48474935575177, 1.352142976755431]
    ],
    [
      [212.21290776477417, 0],
      [212.83120853787204, 3.027887897010146],
      [211.74918218494986, 1.5616202029715396],
      [210.91189988804672, 1.2759687941049833],
      [209.90716113176222, 2.0376951231056637],
      [209.2502165603446, 1.2378815735952458],
      [209.76546720459464, 1.5235336283045626],
      [209.75258593848775, 0.552296872953093],
      [210.55122443707205, 0.43803004163669357],
      [211.71053838663283, 1.0093564417185235],
      [212.17426396645624, 0.1333146981456821],
      [211.41426926618897, 0.22853883576397038],
      [212.21290776477417, 0]
    ],
    [
      [177.63958953570364, 196.96876574978762],
      [180.30601161968934, 199.4373576699793],
      [180.3317741519013, 202.79116494024322],
      [182.2124390034087, 204.75044696607824],
      [181.9419324151786, 207.7832100316533],
      [182.94667117146219, 212.2656356117792],
      [181.68430709305358, 212.24680385407896],
      [181.91616988296664, 213.88510497236211],
      [179.82940477375905, 215.14670003172023],
      [178.9405974124311, 217.2366426786109],
      [179.09517260570556, 218.36625714852266],
      [180.96295619110606, 219.53346344451643],
      [179.1982227345552, 221.43474549953805],
      [178.37382170375804, 223.61819080214661],
      [177.1243388914554, 224.069910751262],
      [174.96028618561104, 223.67465630814525],
      [171.5853944657856, 221.47239296671398],
      [168.48100933418755, 222.73354541756987],
      [168.09457135100183, 222.05592036292273],
      [170.69658710445674, 216.8977468170766],
      [169.06066630896748, 213.20720242700213],
      [168.1203338832138, 212.9812301578295],
      [167.772539698346, 205.10837318418942],
      [168.23626527817032, 204.44903073615103],
      [168.97049744622473, 205.2967529827514],
      [169.89794860587062, 204.90115347705864],
      [171.17319395038612, 202.18827250167328],
      [173.69792210720243, 201.17085257222448],
      [173.29860285791074, 199.47504385527782],
      [173.87825983268976, 199.83305925859088],
      [175.70739961977233, 197.5152728732711],
      [177.63958953570364, 196.96876574978762]
    ],
    [
      [184.0802225888101, 194.85798410574637],
      [183.4748030818173, 194.16062565582274],
      [184.415135507571, 194.55642654169833],
      [184.0802225888101, 194.85798410574637]
    ],
    [
      [156.92651363691675, 190.8431429833322],
      [156.32109412992486, 191.46521109587593],
      [156.1536376705435, 191.06935171473333],
      [156.92651363691675, 190.8431429833322]
    ],
    [
      [187.39070797810473, 191.01279976175397],
      [187.2103702526183, 190.46612298084074],
      [187.72562089686653, 190.3153130716331],
      [187.39070797810473, 191.01279976175397]
    ],
    [
      [191.6801695914737, 179.7747569798796],
      [191.59000072873005, 179.60500815749458],
      [191.7574571881114, 179.56728600675638],
      [191.6801695914737, 179.7747569798796]
    ],
    [
      [192.37575796120927, 179.4541191394843],
      [191.86050731696105, 179.4729803272677],
      [192.2211827679348, 179.19006069421903],
      [192.37575796120927, 179.4541191394843]
    ],
    [
      [188.44697179881496, 176.79451830425273],
      [188.38256546828416, 177.19065090841138],
      [188.2923966055405, 176.30405780702836],
      [188.44697179881496, 176.79451830425273]
    ],
    [
      [189.4903543534174, 172.53089161753007],
      [189.5418794178422, 169.88925999632716],
      [190.40492424695822, 169.24766911121662],
      [190.4178055130651, 171.07803664743813],
      [189.4903543534174, 172.53089161753007]
    ],
    [
      [191.6801695914737, 167.2095399954801],
      [190.61102450465842, 168.54944423326037],
      [189.77374220775437, 167.83232340223879],
      [190.85576856067655, 167.54924240813727],
      [191.5513569304112, 166.15265160272315],
      [191.6801695914737, 167.2095399954801]
    ],
    [
      [179.4687293227862, 161.88679015169407],
      [179.31415412951173, 161.73576966284986],
      [179.6619483143786, 161.641381281745],
      [179.4687293227862, 161.88679015169407]
    ],
    [
      [180.5378744096006, 161.7546472859376],
      [180.03550503145925, 162.03780950729197],
      [180.16431769252176, 161.66025899338956],
      [180.5378744096006, 161.7546472859376]
    ],
    [
      [183.78395346836624, 154.05110162522578],
      [183.7324284039414, 153.8433668982035],
      [184.14462891934, 153.61674472639288],
      [183.78395346836624, 154.05110162522578]
    ],
    [
      [186.16698769801496, 153.42789094748593],
      [186.141225165803, 153.35234893460074],
      [186.23139402854667, 153.2956922369135],
      [186.16698769801496, 153.42789094748593]
    ],
    [
      [185.85783731146694, 153.63563000582008],
      [186.10258136748416, 154.5609867784865],
      [187.85443355792904, 155.12751055174454],
      [189.01374750748892, 158.88504507678635],
      [188.20222774279682, 160.16886516552188],
      [186.32156289129034, 160.98065021199125],
      [189.20696649908132, 162.09444147352144],
      [189.4259480228866, 163.2081711139457],
      [187.57104570359206, 164.7182147376683],
      [183.03684003420585, 165.20895459555254],
      [181.78735722190413, 163.6611960690666],
      [182.56023318827647, 162.92502534714117],
      [182.1995577373027, 161.39596941834077],
      [184.69852336190797, 161.07504169398737],
      [185.0720800789868, 158.97944641095546],
      [183.84835979889795, 157.28015435250188],
      [184.36361044314526, 154.9197870357857],
      [185.3425866672187, 153.3334633866126],
      [185.85783731146694, 153.63563000582008]
    ],
    [
      [183.33310915464972, 151.9925436814408],
      [183.4748030818173, 152.82354682044593],
      [183.24294029190605, 151.6903521130796],
      [183.33310915464972, 151.9925436814408]
    ],
    [
      [180.22872402305165, 151.4637054219695],
      [180.7439746673017, 153.12572117675177],
      [179.79076097544112, 152.14363774336584],
      [180.22872402305165, 151.4637054219695]
    ],
    [
      [185.03343628066887, 151.3126061918316],
      [184.96902995013807, 151.18039342283532],
      [185.0720800789868, 150.95374091439794],
      [185.03343628066887, 151.3126061918316]
    ],
    [
      [184.09310385491608, 150.59486915219236],
      [184.3378479109333, 150.12265958011108],
      [183.78395346836624, 152.14363774336584],
      [183.39751548518052, 150.82152575662894],
      [183.9514099277476, 151.52036733706097],
      [183.91276612942875, 150.0659936763176],
      [184.09310385491608, 150.59486915219236]
    ],
    [
      [156.38550046045657, 147.64809751334315],
      [160.12106763125666, 148.2903799728308],
      [160.1081863651507, 152.72911639341407],
      [156.19228146886326, 152.23807094915378],
      [155.66414955850814, 148.19592797726023],
      [156.38550046045657, 147.64809751334315]
    ],
    [
      [180.71821213508883, 149.55599325713888],
      [180.65380580455803, 149.46154729563534],
      [180.82126226393757, 149.36710088417215],
      [180.71821213508883, 149.55599325713888]
    ],
    [
      [181.4138005048244, 149.61266061808305],
      [181.19481898101822, 149.93377260466548],
      [181.4653255692474, 149.3482115478797],
      [181.4138005048244, 149.61266061808305]
    ],
    [
      [182.65040205102014, 150.80263780508517],
      [182.76633344597576, 152.01143050196367],
      [181.98057621349744, 150.91596524485828],
      [182.65040205102014, 150.80263780508517]
    ],
    [
      [181.58125696420484, 148.5170629236652],
      [181.49108810146208, 148.4037217726659],
      [181.6070194964168, 148.3470509538588],
      [181.58125696420484, 148.5170629236652]
    ],
    [
      [184.0802225888101, 148.46039242926418],
      [184.10598512102206, 149.89599499374242],
      [183.44904054960443, 149.1026485378169],
      [183.12700889694952, 149.5748823954499],
      [183.2042964935872, 148.2903799728308],
      [184.0802225888101, 148.46039242926418]
    ],
    [
      [182.68904584933898, 148.04480384686258],
      [182.59887698659531, 148.00702263395567],
      [182.6117582527013, 147.95035067934907],
      [182.68904584933898, 148.04480384686258]
    ],
    [
      [179.09517260570556, 147.1002518769635],
      [179.62330451605976, 148.13925656358344],
      [180.9371936588932, 148.00702263395567],
      [180.3317741519013, 148.38483151775404],
      [180.67956833677, 149.15931719482023],
      [178.21924651048357, 150.4626516045289],
      [178.37382170375804, 147.5914245306036],
      [178.69585335641295, 146.81687748726836],
      [179.09517260570556, 147.1002518769635]
    ],
    [
      [189.90255486881688, 142.73583496020342],
      [190.07001132819641, 143.07595413045397],
      [189.5418794178422, 142.98147717309712],
      [189.90255486881688, 142.73583496020342]
    ],
    [
      [194.61709826369042, 141.82882173940357],
      [194.32082914324656, 142.37681389846307],
      [194.2306602805029, 141.82882173940357],
      [194.61709826369042, 141.82882173940357]
    ],
    [
      [191.79610098642934, 141.18632870445686],
      [191.64152579315487, 141.05404811657354],
      [191.8991511152799, 141.11073990626153],
      [191.79610098642934, 141.18632870445686]
    ],
    [
      [216.4637255798234, 134.60901118774154],
      [216.3349129187627, 134.0797054002635],
      [216.7986384985852, 133.92847253184198],
      [216.4637255798234, 134.60901118774154]
    ],
    [
      [212.09697636981855, 129.95818870516348],
      [213.397984246546, 130.54432933264775],
      [215.21424276752077, 129.95818870516348],
      [215.78101847619473, 130.58214424822745],
      [214.2095040112372, 132.18921001479805],
      [211.91663864433121, 130.96028934726246],
      [211.68477585441906, 129.58002404928322],
      [212.09697636981855, 129.95818870516348]
    ],
    [
      [183.02395876809987, 125.0414710156856],
      [182.81785851039967, 125.57102387644295],
      [183.10124636473665, 124.71994967519288],
      [183.02395876809987, 125.0414710156856]
    ],
    [
      [183.38463421907454, 123.94449375726208],
      [183.268702824118, 123.58512553717378],
      [182.98531496978103, 124.02014936899184],
      [182.2768453339395, 120.78560605491828],
      [182.83073977650656, 120.6153518270404],
      [183.69378460562257, 122.94202879700038],
      [183.35887168686168, 123.45272502612511],
      [183.37175295296856, 123.45272502612511],
      [183.38463421907454, 123.94449375726208]
    ],
    [
      [191.39678173713673, 123.56621123427874],
      [191.73169465589854, 125.32516185849283],
      [191.31949414050086, 125.83579484937445],
      [191.39678173713673, 123.56621123427874]
    ],
    [
      [191.6157632609429, 122.37457261963164],
      [191.64152579315487, 122.16650115279629],
      [191.78321972032427, 122.18541683388662],
      [191.6157632609429, 122.37457261963164]
    ],
    [
      [192.0279637763415, 122.71504833797894],
      [191.78321972032427, 123.05551802083676],
      [192.31135163067847, 121.76926754314195],
      [192.0279637763415, 122.71504833797894]
    ],
    [
      [192.92965240377634, 121.39094217306842],
      [192.99405873430806, 121.2206933217094],
      [193.13575266147564, 121.27744310678338],
      [192.92965240377634, 121.39094217306842]
    ],
    [
      [194.3594729415654, 121.33419272389926],
      [194.20489774829093, 122.52589590640764],
      [192.53033315448465, 122.31782607960736],
      [194.3594729415654, 121.33419272389926]
    ],
    [
      [181.9290511490717, 120.1802508149973],
      [181.96769494739056, 120.48293082609428],
      [181.82600102022298, 120.53968279571734],
      [181.9290511490717, 120.1802508149973]
    ],
    [
      [191.79610098642934, 119.61271289810236],
      [191.92491364749185, 119.7829760398946],
      [191.59000072873005, 120.14241547726533],
      [191.79610098642934, 119.61271289810236]
    ],
    [
      [191.84762605085507, 119.25326351270701],
      [191.80898225253623, 119.23434493693117],
      [191.86050731696105, 119.19650772924899],
      [191.84762605085507, 119.25326351270701]
    ],
    [
      [195.31268663342416, 117.7775583813243],
      [194.99065498077016, 117.9667577156115],
      [194.95201118245132, 117.72079821553814],
      [195.31268663342416, 117.7775583813243]
    ],
    [
      [208.5803907228219, 115.99899295396563],
      [209.03123503654024, 115.48809774458243],
      [210.48681810654125, 116.18820992588007],
      [211.44003179840092, 117.5315964443588],
      [211.27257533902048, 118.76137446054008],
      [214.55729819610406, 125.77905851850755],
      [213.93899742300619, 127.1217735820187],
      [212.56070194964104, 126.74355344084483],
      [210.5125806387532, 122.33674161158581],
      [209.01835377043426, 122.56372654176778],
      [208.10378387689343, 120.2748388322957],
      [206.2488815575989, 119.99107337875137],
      [205.7078683811378, 119.25326351270701],
      [205.90108737273022, 118.49650588326233],
      [207.35667044273214, 117.94783786652033],
      [208.3871717312295, 115.31779629649077],
      [208.5803907228219, 115.99899295396563]
    ],
    [
      [210.84749355751592, 111.38151559613493],
      [211.23393154070163, 115.48809774458243],
      [210.57698696928492, 115.96114933415697],
      [208.21971527184905, 114.39057279630674],
      [207.7173458937068, 113.25513551963297],
      [207.987852481936, 111.0786909629627],
      [209.27597909255837, 111.21117733531298],
      [207.9234461514052, 110.49195446369538],
      [207.57565196653832, 108.48555673879343],
      [210.02309252671785, 107.57692921802186],
      [210.68003709813456, 107.74730020870174],
      [211.09223761353405, 110.9651304780208],
      [209.43055428583284, 111.2301038843317],
      [210.84749355751592, 111.38151559613493]
    ],
    [
      [207.45972057158178, 112.91449110723477],
      [207.21497651556365, 110.64337207429526],
      [207.83327728866152, 111.70326146863056],
      [207.45972057158178, 112.91449110723477]
    ],
    [
      [214.7891609860162, 110.41624520440325],
      [214.5959419944229, 111.17332418057629],
      [214.28679160787397, 110.64337207429526],
      [214.7891609860162, 110.41624520440325]
    ],
    [
      [217.6745645938072, 109.3941405655678],
      [217.63592079548926, 109.20485586912082],
      [217.726089658232, 109.22378442402112],
      [217.6745645938072, 109.3941405655678]
    ],
    [
      [219.2074352604468, 108.37198068922919],
      [218.91116614000384, 109.67806405858482],
      [218.4732030923924, 108.88306753649499],
      [219.2074352604468, 108.37198068922919]
    ],
    [
      [212.68951461070355, 108.59913210563877],
      [213.21764652105867, 110.01876662629263],
      [212.50917688521713, 110.85156931247275],
      [213.17900272273982, 111.74111356529886],
      [212.47053308689829, 111.93037291546875],
      [213.127477658315, 111.79789156864615],
      [214.37696047061672, 113.27406003009662],
      [213.83594729415654, 113.52007695083626],
      [214.50577313167923, 114.03102499550653],
      [213.95187868911216, 115.67731978992788],
      [211.3241004034453, 113.29298452170849],
      [211.15664394406485, 109.0155692779349],
      [212.71527714291642, 107.10366839610447],
      [212.68951461070355, 108.59913210563877]
    ],
    [
      [188.8076472497878, 103.6958395539665],
      [188.6144282581963, 103.3739571471666],
      [188.8076472497878, 103.03313446917309],
      [188.8076472497878, 103.6958395539665]
    ],
    [
      [193.9601536922737, 106.49787721771975],
      [192.45304555784696, 113.0091151679494],
      [193.99879749059164, 114.29595561298072],
      [193.3547341852809, 114.9961116277467],
      [195.80217474546134, 115.50702003370407],
      [195.46726182669954, 117.20994912988328],
      [194.28218534492862, 117.5315964443588],
      [191.95067617970471, 115.75300808180157],
      [192.65914581554534, 116.79369161656064],
      [191.6157632609429, 117.07750454248765],
      [192.60762075112143, 117.47483554739165],
      [192.18253896961596, 117.87215828274827],
      [193.4964281124494, 117.56943694858398],
      [193.65100330572386, 118.74245539815252],
      [194.70726712643318, 118.1181158337256],
      [194.8360797874957, 119.1208330893445],
      [193.00694000041312, 119.25326351270701],
      [193.80557849899833, 120.16133315547552],
      [192.47880809005892, 120.55860008156606],
      [192.749314678289, 119.1208330893445],
      [191.5642381965181, 118.5154251890691],
      [191.87338858306703, 119.10191438258687],
      [191.01034375395102, 119.36677457447456],
      [191.4096630032427, 119.76405798782412],
      [190.84288729456966, 120.14241547726533],
      [192.23406403404078, 121.08827650330045],
      [190.59814323855244, 120.76668899318747],
      [191.12627514890664, 122.99877349271458],
      [189.94119866713572, 123.81209572065711],
      [190.70119336740117, 123.98232160032296],
      [190.98458122173906, 125.816882757641],
      [190.37916171474626, 125.77905851850755],
      [190.30187411810948, 124.83342840841783],
      [189.5547606839491, 125.949267010153],
      [191.46118806766754, 127.59453833911039],
      [190.2889928520026, 127.70800015884674],
      [189.94119866713572, 128.4454857486886],
      [190.25034905368375, 129.54220717749922],
      [191.25508780996915, 128.23747984162526],
      [191.6930508575806, 128.8993090524524],
      [190.70119336740117, 130.54432933264775],
      [190.86864982678162, 131.64093194686336],
      [192.98117746820117, 127.3297915010811],
      [192.5560956866966, 126.83810917098685],
      [192.16965770350907, 127.34870210987185],
      [192.14389517129712, 126.23294449041043],
      [193.01982126652, 126.30859111370478],
      [192.3499954289964, 125.74123420515116],
      [192.65914581554534, 124.71994967519288],
      [193.05846506483795, 125.32516185849283],
      [193.54795317687422, 124.49299020192609],
      [193.2388027903262, 123.73643929050195],
      [193.65100330572386, 124.24711441895647],
      [194.1018476194413, 123.58512553717378],
      [194.59133573147847, 124.43624991545232],
      [194.11472888554727, 123.43381059296473],
      [195.85369980988708, 123.45272502612511],
      [196.11132513200937, 125.9114430307717],
      [195.37709296395587, 126.17620932821796],
      [196.40759425245324, 127.02721924151808],
      [193.84422229731717, 140.10916083622772],
      [193.17439645979448, 139.20202619861846],
      [193.0971088631568, 140.84617681986992],
      [191.2293252777572, 139.8067872899751],
      [190.86864982678162, 140.543814638575],
      [190.4950931097028, 140.12805902799516],
      [189.9669611993486, 141.56426832971613],
      [190.50797437580877, 142.33902182634438],
      [189.52899815173623, 142.37681389846307],
      [188.87205358031952, 143.6994906725563],
      [188.71747838704505, 142.9058952805018],
      [187.39070797810473, 143.47275239748467],
      [188.24087154111567, 145.56998187671525],
      [189.24561029740016, 145.79669602689728],
      [187.85443355792904, 146.5146069925512],
      [188.2151090089028, 146.81687748726836],
      [188.8076472497878, 146.08008505261125],
      [190.2245865214718, 146.09897750968616],
      [189.65781081279874, 143.54833211269624],
      [190.4950931097028, 144.3041133086641],
      [192.10525137297827, 143.24601151038496],
      [191.1649189472255, 142.67914785997107],
      [191.3581379388197, 141.46978410543886],
      [193.31609038696297, 141.8666147927728],
      [193.93439116006084, 142.716939278283],
      [193.2388027903262, 144.24743072495517],
      [193.63812203961788, 146.62795897],
      [192.8137210088198, 147.761442991727],
      [190.79136223014484, 155.92061682446297],
      [190.04424879598446, 153.67340051097688],
      [187.69985836465457, 154.03221673950475],
      [186.3473254235023, 152.82354682044593],
      [186.17986896412094, 151.50148004998152],
      [186.8754573338565, 150.80263780508517],
      [185.44563679606745, 147.98813200045322],
      [184.29920411261446, 149.93377260466548],
      [183.70666587172946, 145.81558875518692],
      [185.83207477925407, 146.42014651448835],
      [186.45037555235285, 144.05848760133267],
      [185.57444945712905, 144.45526606799524],
      [185.3554679333247, 142.92479078087797],
      [185.2781803366879, 145.1921191706275],
      [184.6083544991634, 144.5875237813118],
      [183.6680220734106, 144.8520365455039],
      [182.49582685774567, 142.37681389846307],
      [183.04972130031274, 140.90286921008283],
      [182.62463951880818, 137.69004172527593],
      [181.37515670650555, 137.78454417907903],
      [181.16905644880535, 140.24144779604217],
      [180.4090617485399, 140.58161016611052],
      [179.76499844322825, 138.7862421149133],
      [179.77787970933514, 135.72428701966817],
      [180.55075567570748, 135.10049653872306],
      [179.77787970933514, 134.21203319621873],
      [180.2802490874774, 132.22702172467734],
      [179.43008552446736, 131.6787447245605],
      [179.82940477375905, 129.61784084720216],
      [178.72161588862582, 128.823672574611],
      [179.18534146844922, 130.58214424822745],
      [178.38670296986402, 130.20399177219167],
      [177.83280852729695, 131.20607970740753],
      [177.21450775419908, 129.67456590559289],
      [177.8714523256158, 128.0862014125098],
      [178.5412781631385, 128.14293096217625],
      [178.3351779054392, 126.97048641490505],
      [177.96162118835946, 127.82146131221373],
      [178.11619638163393, 126.32750272316946],
      [179.09517260570556, 125.816882757641],
      [178.64432829198904, 125.19277331846752],
      [179.6619483143786, 124.1525459735393],
      [180.09991136199096, 124.79560223832618],
      [180.48634934517668, 122.69613317865469],
      [180.43482428075185, 123.43381059296473],
      [181.61990076252278, 124.09580468316506],
      [180.84702479614953, 124.83342840841783],
      [181.0660063199557, 125.41972454436348],
      [181.76159468969126, 124.98473234569667],
      [181.09176885216766, 126.68681978036705],
      [181.85176355243493, 126.34641431409068],
      [182.03210127792227, 128.86149085049806],
      [182.8049772442937, 128.52112370553073],
      [182.43142052721396, 127.63235901973587],
      [183.11412763084354, 126.25185617404952],
      [183.2042964935872, 129.6556575712607],
      [184.11886638712713, 130.92247516922305],
      [183.7324284039414, 126.28967948569709],
      [183.8741223311099, 124.96581941855288],
      [183.97717245996046, 125.68449759594057],
      [184.65987956358913, 124.51190359357781],
      [184.36361044314526, 122.71504833797894],
      [183.64225954119865, 124.30385526309897],
      [184.0158162582793, 118.91272628570732],
      [185.0849613450937, 115.8665399558447],
      [184.44089803978295, 114.0688724525445],
      [184.6727608296951, 111.72218752640822],
      [187.32630164757484, 103.65797132172929],
      [187.6225707680178, 103.16567735668343],
      [186.97850746270706, 106.13817949543727],
      [188.26663407332762, 103.46862901574968],
      [188.3439216699644, 105.64595043237705],
      [188.76900345146987, 105.30516892958553],
      [188.56290319377058, 103.86624565473028],
      [188.8849348464264, 104.30172089384621],
      [189.8123860060732, 101.97275767513804],
      [190.70119336740117, 103.58223462830745],
      [190.32763665032144, 105.2483714127726],
      [190.8944123589954, 105.45662813670424],
      [190.147298924835, 105.64595043237705],
      [190.70119336740117, 105.53235728338223],
      [190.09577386040928, 107.9555293315567],
      [190.8815310928885, 106.68718905153673],
      [190.32763665032144, 109.14807009073229],
      [191.4225442693487, 106.17604273685856],
      [193.93439116006084, 106.36535780289171]
    ],
    [
      [215.88406860504347, 103.99878266495182],
      [215.54915568628257, 104.92651558016598],
      [216.47660684592938, 104.8507839960597],
      [216.83728229690405, 105.83527082488706],
      [215.44610555743293, 106.63039570098522],
      [217.03050128849645, 106.11924784619703],
      [216.29626912044296, 108.35305128125265],
      [217.42982053778906, 108.76949387602338],
      [216.51525064424823, 110.30268074789456],
      [216.61830077309787, 110.79478847444148],
      [217.22372028008976, 110.41624520440325],
      [216.5281319103542, 111.324736345941],
      [217.14643268345208, 111.892521196512],
      [216.05152506442482, 112.99019039352333],
      [214.82780478433506, 111.19225076739474],
      [215.31729289637133, 110.26482577769298],
      [215.81966227451267, 110.54873620953401],
      [215.52339315407062, 109.58342336772535],
      [214.9437361792916, 110.22697073180109],
      [214.18374147902432, 109.8673440201477],
      [214.261029075662, 110.45409987188486],
      [213.38510298043911, 109.52663872595156],
      [214.7891609860162, 105.17264112377973],
      [215.88406860504347, 103.99878266495182]
    ],
    [
      [212.22578903088015, 103.0710039610658],
      [212.1871452325613, 103.01419969458664],
      [212.29019536141186, 103.01419969458664],
      [212.22578903088015, 103.0710039610658]
    ],
    [
      [217.31388914283343, 103.41182595185319],
      [217.3396516750463, 103.20354658129486],
      [217.24948281230263, 102.95739525626107],
      [217.14643268345208, 102.88165573782419],
      [217.23660154619574, 102.91952553523515],
      [217.10778888513414, 102.54082412320952],
      [218.009477512569, 101.48041950217794],
      [216.4637255798234, 102.91952553523515],
      [215.21424276752077, 102.6165650168673],
      [215.94847493557518, 100.38208004160708],
      [216.592538240885, 100.41995488836483],
      [216.592538240885, 102.02956509405101],
      [217.3396516750463, 101.95382183059678],
      [217.91930864982533, 100.40101747456367],
      [218.12540890752553, 101.15849908974508],
      [217.77761472265684, 104.39638808945631],
      [217.36541420725825, 103.29821930876506],
      [217.31388914283343, 103.41182595185319]
    ],
    [
      [216.85016356301003, 102.69230560486938],
      [216.57965697477994, 102.93846040529604],
      [216.72135090194752, 102.69230560486938],
      [216.85016356301003, 102.69230560486938]
    ],
    [
      [212.6637520784916, 99.45412235134904],
      [212.36748295804864, 99.3594302029253],
      [212.856971070084, 99.07535088033023],
      [212.6637520784916, 99.45412235134904]
    ],
    [
      [215.89694987115035, 95.6660618370421],
      [216, 95.83654109434713],
      [215.34305542858328, 95.8175990317103],
      [215.89694987115035, 95.6660618370421]
    ],
    [
      [273.33451543874435, 465.1272471531909],
      [273.2443465760016, 465.0526562223969],
      [273.3602779709581, 465.0713039712707],
      [273.33451543874435, 465.1272471531909]
    ],
    [
      [259.8220672933303, 455.35435619661314],
      [259.98952375270983, 456.26836050264546],
      [259.358341713506, 454.6082106528184],
      [259.8220672933303, 455.35435619661314]
    ],
    [
      [269.00641002705925, 454.02993573271175],
      [268.8904786321018, 455.52223651727877],
      [270.2816553715729, 455.5408898312494],
      [271.2477503295386, 456.51084701376675],
      [271.99486376369896, 464.53051487395993],
      [273.19282151157677, 465.2018379114604],
      [274.13315393732955, 469.0616748260359],
      [275.07348636308325, 468.96844746606916],
      [276.33585044149186, 470.9075215634858],
      [276.0267000549429, 471.3549838203199],
      [274.94467370202074, 470.04986841395197],
      [273.991460010162, 470.7956550406753],
      [276.1683939821114, 474.020986207147],
      [274.33925419502884, 474.393836393849],
      [273.5663782286574, 475.88519487053156],
      [273.9528162118431, 476.9291056453912],
      [272.5229956740541, 477.6001737189653],
      [273.0382463183014, 479.48281986900616],
      [272.4972331418403, 481.60765861650776],
      [273.6436658252933, 482.3531839620357],
      [273.14129644715194, 483.80691055671144],
      [271.8274073043176, 485.26057408477345],
      [270.7711434836092, 483.7323620107779],
      [269.5087794052006, 483.6764504924689],
      [269.26403534918154, 486.24828393031527],
      [268.07895886741153, 488.0000000000001],
      [266.40439427360343, 487.16142386653837],
      [267.2803203688263, 483.5832644212382],
      [266.59761326519674, 483.34097942250463],
      [266.224056548117, 484.0678291615385],
      [265.05186133245206, 482.7445781065959],
      [266.2755816125418, 481.272166775985],
      [264.0213600439538, 480.26567098344566],
      [263.944072447317, 479.46418033193856],
      [265.4769431139566, 479.27778438574654],
      [264.31762916439766, 478.9049893528676],
      [264.8457610747528, 478.15938671349716],
      [263.66068459298094, 478.04754487036405],
      [263.4803468674936, 476.6681310472027],
      [262.5528957078459, 477.28328215963626],
      [261.8830698703232, 476.12753424438904],
      [262.5657769739528, 475.08359808950036],
      [262.12781392634133, 473.38713117170795],
      [261.4193442904998, 473.5735603943726],
      [260.6722308563394, 471.37362794793574],
      [259.2681728507623, 471.317695533156],
      [259.0105475286391, 469.8447740990169],
      [257.63225205527397, 469.5464527890171],
      [257.1298826771326, 470.5532762584316],
      [256.44717557350305, 470.366829815292],
      [257.2200515398745, 469.2108380458719],
      [256.2539565819088, 466.00367767412337],
      [256.7563259600511, 465.0153606922952],
      [255.8159935342983, 463.7659354830948],
      [257.03971381438896, 462.7961988864031],
      [255.86751859872402, 462.85214602431324],
      [255.6742996071298, 461.9383305542939],
      [257.10412014491976, 460.89393810375657],
      [256.8722573550076, 458.4133691885462],
      [257.7353021841236, 457.462122346769],
      [261.04578757342006, 457.5926873244455],
      [262.230864055191, 456.49219427108153],
      [262.6044207722707, 456.8465945057342],
      [262.2823891196167, 456.2310547208628],
      [262.9006898927146, 455.7647287412603],
      [264.24034156775997, 456.10048413868697],
      [264.8844048730707, 457.12638136776394],
      [265.0389800663452, 456.2497076172449],
      [264.0084787778487, 455.895300707758],
      [265.1677927274068, 455.802035072355],
      [265.9020248954612, 456.64141590527686],
      [265.8762623632483, 455.82068822141633],
      [266.5589694668779, 455.802035072355],
      [266.13388768537334, 454.3657095567606],
      [269.00641002705925, 454.02993573271175]
    ],
    [
      [268.813191035465, 450.67200052380895],
      [268.7616659710402, 450.5227506253987],
      [269.0192912931634, 450.42946907785796],
      [268.813191035465, 450.67200052380895]
    ],
    [
      [253.92244741668492, 447.64955125213686],
      [254.11566640827823, 447.85478854864533],
      [253.88380361836607, 448.04136673636367],
      [253.92244741668492, 447.64955125213686]
    ],
    [
      [258.2634340944787, 442.7607711626224],
      [257.4647955958935, 442.1822766217855],
      [257.9929275062477, 442.03298594636885],
      [258.2634340944787, 442.7607711626224]
    ],
    [
      [263.37729673864396, 442.5928222521958],
      [263.4159405369628, 443.0966662420393],
      [262.97797748935136, 442.81675392965815],
      [263.37729673864396, 442.5928222521958]
    ],
    [
      [259.4871543745676, 439.6628994696739],
      [260.0925738815604, 442.51817799857156],
      [262.4756081112082, 444.44021005188256],
      [262.4756081112082, 445.4851482595691],
      [260.38884300200334, 448.992898135964],
      [257.69665838580477, 450.3361872525373],
      [256.4858193718219, 452.6868046727439],
      [255.04311756792504, 453.73146711106165],
      [253.75499095730447, 452.2017710400906],
      [254.1285476743842, 450.6160318952099],
      [253.14957145031258, 449.0488696680798],
      [254.70820464916324, 447.4443126036431],
      [253.9997350133217, 447.14578124577486],
      [253.97397248110974, 444.72010766953986],
      [255.17193022898755, 444.9067046763473],
      [256.21531278359, 443.99236860025314],
      [256.43429430739616, 445.1865980801565],
      [258.50817815049595, 443.0966662420393],
      [259.9637612204979, 443.93638796307744],
      [259.7447796966926, 442.630144311286],
      [258.85597233536373, 442.51817799857156],
      [258.9590224642134, 439.6628994696739],
      [259.4871543745676, 439.6628994696739]
    ],
    [
      [254.07702260995939, 437.3672868531394],
      [254.0641413438534, 437.3112941493745],
      [254.10278514217225, 437.32995839536795],
      [254.07702260995939, 437.3672868531394]
    ],
    [
      [255.08176136624388, 437.3486226299551],
      [255.32650542226202, 437.7592329063849],
      [254.7983735119069, 437.70324092081785],
      [255.08176136624388, 437.3486226299551]
    ],
    [
      [254.03837881164054, 437.3112941493745],
      [253.90956615057803, 437.03132909065516],
      [254.0641413438534, 437.105986690636],
      [254.03837881164054, 437.3112941493745]
    ],
    [
      [247.73943968570347, 434.0075425594539],
      [247.63638955685474, 434.82884763858704],
      [247.03097004986193, 433.9515436770074],
      [247.73943968570347, 434.0075425594539]
    ],
    [
      [236.67443210046895, 399.3053382314531],
      [238.67102834693105, 400.1836761498031],
      [238.07849010604605, 401.3049193171307],
      [238.7740784757807, 403.4351602733017],
      [240.06220508640126, 403.0240734725762],
      [242.29066412277643, 405.2849780737082],
      [243.1150651535736, 408.25564906354145],
      [242.3808329855201, 409.58207655373656],
      [241.6466008174657, 409.5633948977269],
      [241.01541877826094, 407.99409281157125],
      [239.74017343374726, 407.2841424915259],
      [237.73069592117827, 407.676485612537],
      [236.4425693105568, 408.9842575934796],
      [234.61342952347513, 408.3303789871311],
      [233.95648495205842, 406.49944026476237],
      [235.42494928816723, 405.47182174206796],
      [235.1802052321491, 403.54727383319573],
      [233.51852190444606, 404.27600130322367],
      [233.80190975878304, 404.89260242321075],
      [234.2398728063945, 404.5749610730562],
      [234.0337725486961, 405.47182174206796],
      [233.28665911453572, 405.2849780737082],
      [233.14496518736723, 406.0510294135729],
      [232.4236142854188, 405.54655887002764],
      [231.80531351232094, 403.49121710798954],
      [233.00327126019783, 400.5387412489323],
      [236.67443210046895, 399.3053382314531]
    ],
    [
      [248.15164020110205, 398.85681481005815],
      [249.3238354167679, 399.02501192092404],
      [250.63772455960043, 401.24885820380314],
      [250.27704910862758, 405.6399800073176],
      [247.5977457585359, 403.6593869552088],
      [247.76520221791634, 402.9493297849235],
      [247.15978271092445, 403.2109318395085],
      [245.49809938322323, 401.79077769590094],
      [245.3821679882667, 400.9311764847133],
      [246.4641943411898, 401.3236063304788],
      [247.10825764649962, 400.3144901212655],
      [247.1211389126056, 398.96894632770363],
      [248.62824704703144, 401.5291626713091],
      [248.15164020110205, 398.85681481005815]
    ],
    [
      [245.24047406109912, 397.3990648543845],
      [245.15030519835545, 397.52989162239226],
      [245.1116614000366, 397.41775442957373],
      [245.24047406109912, 397.3990648543845]
    ],
    [
      [246.55436320393255, 396.29635812960555],
      [246.5286006717206, 396.2776678155619],
      [246.54148193782657, 396.2589774891911],
      [246.55436320393255, 396.29635812960555]
    ],
    [
      [246.60588826835738, 395.9786211140955],
      [246.5930070022514, 395.9412400544395],
      [246.61876953446426, 395.9599305904346],
      [246.60588826835738, 395.9786211140955]
    ],
    [
      [246.5286006717206, 395.56742674368843],
      [246.48995687340175, 395.5300451411209],
      [246.54148193782657, 395.5113543213215],
      [246.5286006717206, 395.56742674368843]
    ],
    [
      [251.08856887331876, 394.14689110654683],
      [251.04992507499992, 394.14689110654683],
      [251.874326105798, 397.28692714489705],
      [251.3977192598677, 398.0345035122449],
      [250.04518631871542, 396.4084997550218],
      [250.21264277809587, 395.586117526457],
      [251.11433140553163, 396.3150484313222],
      [249.7875609965913, 394.0347405143875],
      [250.6634870918133, 392.6702059250589],
      [251.01128127668107, 393.9973568846508],
      [251.04992507499992, 393.9973568846508],
      [251.04992507499992, 394.01604870570816],
      [251.02416254278796, 394.01604870570816],
      [251.04992507499992, 394.1281993721267],
      [251.04992507499992, 394.10950762533264],
      [251.08856887331876, 394.14689110654683]
    ],
    [
      [251.1272126716376, 394.10950762533264],
      [251.10145013942474, 394.0347405143875],
      [251.1272126716376, 393.9412813472063],
      [251.1272126716376, 394.10950762533264]
    ],
    [
      [242.47100184826377, 391.7168617124054],
      [242.4581205821578, 391.69816836563314],
      [242.47100184826377, 391.67947500643027],
      [242.47100184826377, 391.7168617124054]
    ],
    [
      [242.41947678383895, 391.6233948542364],
      [242.393714251627, 391.6047014453085],
      [242.4452393160509, 391.6047014453085],
      [242.41947678383895, 391.6233948542364]
    ],
    [
      [242.5869332432194, 391.6047014453085],
      [242.63845830764512, 391.6047014453085],
      [242.63845830764512, 391.6233948542364],
      [242.5869332432194, 391.6047014453085]
    ],
    [
      [242.5869332432194, 391.6047014453085],
      [242.56117071100743, 391.6047014453085],
      [242.5869332432194, 391.58600802394767],
      [242.5869332432194, 391.6047014453085]
    ],
    [
      [242.3808329855201, 391.54862114392927],
      [242.35507045330814, 391.5299276852692],
      [242.393714251627, 391.4738472346818],
      [242.3808329855201, 391.54862114392927]
    ],
    [
      [242.56117071100743, 391.5299276852692],
      [242.54828944490146, 391.49254073064594],
      [242.5740519771134, 391.49254073064594],
      [242.56117071100743, 391.5299276852692]
    ],
    [
      [250.4702681002209, 391.9037944965521],
      [250.61196202738847, 392.4645853952702],
      [249.87772985933498, 392.2028843668202],
      [249.8004422626973, 393.1749044974571],
      [249.28519161844815, 392.42719968304766],
      [250.4702681002209, 391.9037944965521]
    ],
    [
      [242.3808329855201, 391.1186684481685],
      [242.30354538888332, 391.1186684481685],
      [242.40659551773206, 391.0625871765826],
      [242.3808329855201, 391.1186684481685]
    ],
    [
      [242.48388311436975, 391.04389339449847],
      [242.43235804994492, 391.0625871765826],
      [242.53540817879457, 390.98781197357357],
      [242.48388311436975, 391.04389339449847]
    ],
    [
      [226.8202635292182, 385.19212588398204],
      [226.76873846479248, 385.1360327145711],
      [226.79450099700443, 385.0986372054067],
      [226.8202635292182, 385.19212588398204]
    ],
    [
      [246.42555054287095, 384.3694147154663],
      [247.95842120950874, 384.8181692825916],
      [248.08723387057125, 386.59441836088604],
      [247.314357904198, 388.2770761989284],
      [246.8635135904815, 388.37055421656726],
      [247.35300170251685, 387.697505508359],
      [246.0519938257894, 388.3144674435034],
      [246.9150386549063, 387.5292407966641],
      [245.84589356809101, 388.2770761989284],
      [244.76386721516883, 390.67001513879177],
      [245.74284343924137, 391.0625871765826],
      [246.61876953446426, 393.30575079990604],
      [248.3190966604834, 395.00669751918974],
      [247.80384601623518, 397.3056167939035],
      [248.35774045880225, 398.2027054845437],
      [247.01808878375596, 397.1747889924542],
      [246.5930070022514, 398.4643510194443],
      [246.4513130750829, 397.8289219722225],
      [245.43369305269152, 398.2774615972821],
      [245.67843710870966, 399.58566178373337],
      [244.96996747286812, 400.8751146382647],
      [244.0425163132204, 399.697790432656],
      [243.93946618437258, 397.56727058826993],
      [245.6526745764977, 398.10926006723423],
      [245.15030519835545, 396.7823019693086],
      [245.7170809070285, 395.9599305904346],
      [245.70419964092252, 397.41775442957373],
      [246.7862259938438, 397.08134019365],
      [246.67029459888818, 396.4084997550218],
      [247.54622069411107, 396.03469261107773],
      [246.5930070022514, 395.586117526457],
      [247.35300170251685, 395.11884425333847],
      [245.76860597145333, 394.7263287375921],
      [245.76860597145333, 395.5113543213215],
      [243.90082238605373, 397.100029978027],
      [243.56590946729193, 394.65156325946657],
      [244.22285403870774, 394.35249936849834],
      [243.30828414516782, 394.3338077701819],
      [242.59981450932628, 393.30575079990604],
      [242.0459200667583, 391.3429924147214],
      [242.63845830764512, 391.84771479179676],
      [243.08930262136164, 390.96911814170676],
      [241.9171074056967, 390.67001513879177],
      [241.7882947446342, 389.0809769375222],
      [244.20997277260176, 387.0057440935059],
      [244.40319176419507, 385.26691660045265],
      [246.42555054287095, 384.3694147154663]
    ],
    [
      [226.80738226311132, 382.49952585974984],
      [227.60602076169562, 384.668585232645],
      [226.78161973089937, 385.0799394319563],
      [225.51925565249076, 383.359690404096],
      [226.06026882895094, 382.3686289118684],
      [226.80738226311132, 382.49952585974984]
    ],
    [
      [219.0142162688535, 375.841692817634],
      [220.12200515398763, 376.58984441523864],
      [218.98845373664153, 381.4897333563197],
      [221.11386264416615, 383.84585855043997],
      [224.295535372401, 385.5473799954401],
      [224.12807891301964, 387.0057440935059],
      [221.4745380951399, 386.5570248114426],
      [218.6793033500926, 385.04254384731485],
      [216.23186278991216, 381.62063446580976],
      [216.82440103079807, 377.0013190821287],
      [219.0142162688535, 375.841692817634]
    ],
    [
      [254.74684844748208, 373.1294715553156],
      [254.8112547780138, 373.16688333828677],
      [254.68244211695128, 373.1294715553156],
      [254.74684844748208, 373.1294715553156]
    ],
    [
      [255.50684314774844, 373.16688333828677],
      [255.54548694606729, 373.522292713668],
      [254.8627798424386, 373.1481774532259],
      [255.50684314774844, 373.16688333828677]
    ],
    [
      [254.24447906933983, 372.9049997780086],
      [254.29600413376556, 372.96111789584495],
      [254.24447906933983, 372.9985299101344],
      [254.24447906933983, 372.9049997780086]
    ],
    [
      [214.23526654345005, 369.8744493129692],
      [212.74103967512838, 369.21965626481335],
      [213.1918839888458, 367.7416365255592],
      [214.18374147902432, 368.5648473676242],
      [214.23526654345005, 369.8744493129692]
    ],
    [
      [253.0722838536749, 360.72461229269425],
      [253.36855297411785, 363.4380793853169],
      [254.3346479320835, 364.07430081847986],
      [254.74684844748208, 368.00356997031497],
      [253.69058462677276, 367.98486052283624],
      [253.3943155063307, 371.10915885969723],
      [253.2010965147374, 367.1429219601383],
      [253.92244741668492, 366.56290454520183],
      [252.62143953995746, 362.5772851612793],
      [252.75025220101998, 360.3128897488757],
      [253.0722838536749, 360.72461229269425]
    ],
    [
      [252.4668643466839, 359.901160845493],
      [252.42822054836506, 360.10702609241196],
      [252.31228915340853, 359.93859100871146],
      [252.4668643466839, 359.901160845493]
    ],
    [
      [196.51064438130288, 313.8961824279327],
      [198.3011403700657, 316.08967986504376],
      [198.85503481263277, 320.8322225935426],
      [196.57505071183368, 322.1067446276692],
      [192.04084504244656, 321.76937745691146],
      [191.20356274554433, 319.74507898616173],
      [191.49983186598638, 315.3210404423562],
      [194.5011668687348, 315.47102073477447],
      [195.14523017404463, 312.4899921690072],
      [196.51064438130288, 313.8961824279327]
    ]
  ],
  "bbox": [155.66414955850814, 0, 276.33585044149186, 488.0000000000001]
}
