{
  "type": "Topology",
  "objects": {
    "districts": {
      "type": "GeometryCollection",
      "geometries": [
        {
          "type": "Polygon",
          "arcs": [[0, 1, 2, 3, 4, 5]],
          "properties": {
            "dt_code": "025",
            "district": "Lahaul and Spiti",
            "st_code": "02",
            "year": "2011_c",
            "st_nm": "Himachal Pradesh"
          }
        },
        {
          "type": "Polygon",
          "arcs": [[-5, 3, 6, 7, 8, 9, 10, 11]],
          "properties": {
            "dt_code": "023",
            "district": "Chamba",
            "st_code": "02",
            "year": "2011_c",
            "st_nm": "Himachal Pradesh"
          }
        },
        {
          "type": "Polygon",
          "arcs": [[-3, 12, 13, 14, 15, 16, 17, 18, -11, 9, -9, 7, -7]],
          "properties": {
            "dt_code": "024",
            "district": "Kangra",
            "st_code": "02",
            "year": "2011_c",
            "st_nm": "Himachal Pradesh"
          }
        },
        {
          "type": "Polygon",
          "arcs": [[-2, 19, 20, 21, -13]],
          "properties": {
            "dt_code": "026",
            "district": "Kullu",
            "st_code": "02",
            "year": "2011_c",
            "st_nm": "Himachal Pradesh"
          }
        },
        {
          "type": "Polygon",
          "arcs": [[-14, -22, 22, 23, 24, 25, 26]],
          "properties": {
            "dt_code": "027",
            "district": "Mandi",
            "st_code": "02",
            "year": "2011_c",
            "st_nm": "Himachal Pradesh"
          }
        },
        {
          "type": "Polygon",
          "arcs": [[-1, 27, 28, -20]],
          "properties": {
            "dt_code": "034",
            "district": "Kinnaur",
            "st_code": "02",
            "year": "2011_c",
            "st_nm": "Himachal Pradesh"
          }
        },
        {
          "type": "Polygon",
          "arcs": [[-18, 16, -16, 29, 30, 31]],
          "properties": {
            "dt_code": "029",
            "district": "Una",
            "st_code": "02",
            "year": "2011_c",
            "st_nm": "Himachal Pradesh"
          }
        },
        {
          "type": "Polygon",
          "arcs": [[-21, -29, 32, 33, 34, 35, 36, -23]],
          "properties": {
            "dt_code": "033",
            "district": "Shimla",
            "st_code": "02",
            "year": "2011_c",
            "st_nm": "Himachal Pradesh"
          }
        },
        {
          "type": "Polygon",
          "arcs": [[-24, 36, -36, 37, 38, 39, 40]],
          "properties": {
            "dt_code": "031",
            "district": "Solan",
            "st_code": "02",
            "year": "2011_c",
            "st_nm": "Himachal Pradesh"
          }
        },
        {
          "type": "Polygon",
          "arcs": [[-35, 41, -38]],
          "properties": {
            "dt_code": "032",
            "district": "Sirmaur",
            "st_code": "02",
            "year": "2011_c",
            "st_nm": "Himachal Pradesh"
          }
        },
        {
          "type": "Polygon",
          "arcs": [[-15, -27, 42, -30]],
          "properties": {
            "dt_code": "028",
            "district": "Hamirpur",
            "st_code": "02",
            "year": "2011_c",
            "st_nm": "Himachal Pradesh"
          }
        },
        {
          "type": "Polygon",
          "arcs": [[25, -25, -41, 43, -31, -43]],
          "properties": {
            "dt_code": "030",
            "district": "Bilaspur",
            "st_code": "02",
            "year": "2011_c",
            "st_nm": "Himachal Pradesh"
          }
        }
      ]
    }
  },
  "arcs": [
    [
      [389.48313612739, 206.69890164217577],
      [389.6264513988717, 207.13496013688655],
      [389.33982085591015, 207.18341022096683],
      [387.3811788123403, 207.37720883785278],
      [387.28563529801977, 207.37720883785278],
      [385.94802609753424, 209.36348608311528],
      [383.750525268164, 208.3946064478905],
      [381.935198496074, 211.05886008075413],
      [379.3077518522605, 208.29771470345986],
      [368.60687824836714, 211.30103919100202],
      [361.15448413137347, 209.46037026621525],
      [359.00475505916074, 221.71068457912133],
      [362.3487780603791, 224.66267721149234],
      [361.8710604887747, 227.66241134986558],
      [357.4282870728748, 228.14617794029073],
      [354.94415570054116, 225.3400939476287],
      [350.40583877031895, 224.4207345433042],
      [347.4439898263845, 228.62992745591328],
      [329.7684396770983, 228.48480439391824],
      [327.2365365476053, 230.95168753666894],
      [328.19197169081053, 237.38284541468238],
      [328.19197169081053, 237.43118857219633],
      [328.0964281764882, 237.52787437657298],
      [327.14099303328476, 238.39801598009308],
      [326.4721884330411, 238.63971219592713],
      [325.37343801835596, 239.07475466516553],
      [324.8001769324346, 239.26810245032266],
      [320.1663164878919, 238.05963413093923],
      [315.6279995576697, 239.70312501545686],
      [314.76810792878496, 241.34641927560187],
      [316.53566294371194, 242.94119341902297],
      [316.53566294371194, 242.98951701930946],
      [316.39234767223206, 243.47274367796126],
      [314.62479265730326, 249.94634303265684],
      [314.52924914298455, 250.1878363021342],
      [311.47185668472775, 250.67081012929884],
      [308.0322901691907, 254.099437157809],
      [307.79343138339027, 254.340857592063],
      [303.9716908105711, 251.00888172482337],
      [298.2390799513414, 249.99464202555646],
      [298.09576467986335, 249.94634303265684],
      [296.56706845073677, 255.16165541900955],
      [296.42375317925325, 255.54789629778043],
      [295.6116333075297, 255.49961678013187],
      [293.41413247815944, 255.45133709329002],
      [292.74532787791577, 255.40305723725396],
      [292.50646909211537, 255.20993612107486],
      [291.59880570606947, 254.9202493704388],
      [287.0604887758491, 250.96058629097752]
    ],
    [
      [287.0604887758491, 250.96058629097752],
      [287.7770651332521, 250.81569897270492],
      [285.0540749751199, 247.86932594625614],
      [285.2929337609203, 243.32777746418742],
      [283.8597810461142, 240.13813380328338],
      [287.72929337609276, 235.35227905442753],
      [279.60809465885177, 233.22469677558183],
      [274.83091894282916, 226.88834928272172],
      [278.7959747871282, 220.35545839611314],
      [275.5474953002322, 217.4509502640576],
      [277.8405396439248, 215.6111094158623],
      [274.44874488554706, 212.0275507666547],
      [273.20667919938023, 207.18341022096683],
      [271.9646135132134, 205.05144382176604],
      [271.82129824173535, 204.8576121796359],
      [264.8943934535, 203.2583960616912],
      [260.3560765232778, 197.05360101883707],
      [250.18069224814826, 190.8459793074644],
      [249.46411589074341, 187.8866633624848],
      [246.9799845184134, 185.60609550870686],
      [245.06911423200472, 189.2451178067413],
      [237.18677430056414, 184.92670348817228],
      [236.613513214641, 189.4391716555465],
      [231.07198938405418, 190.06982755261652],
      [228.92226031184327, 186.96477772528033],
      [226.05595488222934, 186.72216585623846],
      [222.61638836669226, 184.10168181822974],
      [221.46986619484778, 181.52923395644757],
      [221.85204025212806, 179.4903444181091],
      [221.27877916620673, 176.28575658111095],
      [219.84562645139886, 172.5946876844264],
      [218.03029967930888, 170.2143869850761],
      [208.52372000442483, 162.29323439750806],
      [206.56507796085498, 163.07097589671685],
      [203.1255114453179, 160.7376173493085],
      [202.50447860223358, 158.84146730270913],
      [197.0584982859673, 156.4101169100386],
      [197.01072652880794, 156.4101169100386],
      [188.79398429724642, 159.18182149124368],
      [188.17295145416392, 159.42492638458316],
      [187.1697445537975, 158.84146730270913]
    ],
    [
      [187.1697445537975, 158.84146730270913],
      [187.12197279663997, 158.84146730270913],
      [187.59969036824077, 155.97242742171238],
      [187.64746212540194, 155.8265277775945],
      [186.02322238195302, 155.8265277775945],
      [184.7811566957862, 153.54056112640865],
      [175.3223487780615, 158.0148571982554],
      [171.16620590511957, 158.1121080672201],
      [171.1184341479584, 154.5619982485332],
      [166.24571491761526, 155.97242742171238],
      [167.24892181798168, 153.34599292357962],
      [165.00364923145025, 151.35150733154842],
      [166.580117217738, 148.91880931450123],
      [166.48457370341748, 148.91880931450123],
      [160.84750635851015, 149.06478355093077]
    ],
    [
      [160.84750635851015, 149.06478355093077],
      [160.84750635851015, 149.06478355093077]
    ],
    [
      [160.84750635851015, 149.06478355093077],
      [160.08315824394413, 144.97690829718977],
      [162.56728961627778, 141.7154532790937],
      [160.99082162999002, 138.55060128684818],
      [157.83788565741452, 139.96270395244665],
      [156.02255888532636, 137.86884360820568],
      [152.43967709830758, 138.89146719657037],
      [151.81864425522508, 136.6026307072525],
      [148.379077739688, 136.84614242769567],
      [146.37266393895698, 135.14146796190198],
      [141.73880349441606, 137.86884360820568],
      [139.82793320800738, 136.84614242769567],
      [138.8724980648003, 133.87499871450746],
      [136.67499723543006, 134.06984788778573],
      [133.7131482914956, 131.19553665430885],
      [130.89461461904284, 132.46225789559503],
      [131.6111909764477, 127.8332752905917],
      [127.83722216078786, 127.93074396474367],
      [126.54738471746168, 123.10519655102144],
      [121.05363264403422, 120.08225428953301],
      [118.47395775738187, 120.13101681893022],
      [117.4229790998561, 118.32668533842752],
      [110.3527590401427, 120.76491359700594],
      [107.48645361052695, 119.88720240207022],
      [107.39091009620824, 119.83843898772557],
      [107.8208559106497, 117.44881480770528],
      [105.14563750967682, 115.35144730507],
      [105.86221386707803, 112.27796810148175],
      [102.23156032290171, 109.35019031072443],
      [102.18378856574236, 109.30138859880935],
      [100.60732057945279, 101.00251362145718],
      [99.03085259316686, 98.9025713684241],
      [99.26971137896726, 95.53220784051064],
      [107.2953665818859, 90.10853586001213],
      [111.26042242618496, 95.38565103317251],
      [110.73493309742298, 97.58383457067976],
      [113.45792325555703, 98.21879813960277],
      [124.2543403737709, 94.89711674369846],
      [128.50602676103153, 90.74385446813176],
      [137.20048656419385, 91.52574360444669],
      [141.21331416565408, 85.8560104253429],
      [141.9298905230571, 80.77075385361786],
      [144.0796195952662, 78.96110852576476],
      [147.4714143536421, 79.69477811568868],
      [150.71989384053813, 75.58570837114075],
      [148.7612517969701, 69.76235658219684],
      [150.05108924029628, 65.79710529507975],
      [148.1402189538876, 65.55229797551056],
      [145.17837000995314, 53.74723709096634],
      [144.93951122415274, 52.62006448919601],
      [145.56054406723524, 50.56150227539274],
      [146.2293486674771, 44.138695855386686],
      [145.89494636735617, 41.244964832447295]
    ],
    [
      [145.89494636735617, 41.244964832447295],
      [145.89494636735617, 41.097809080321895],
      [145.847174610195, 40.55822400240413],
      [146.80260975340025, 39.13557614484125],
      [149.33451288289325, 33.541616193918344],
      [149.09565409709103, 31.774611090289],
      [148.95233882561115, 30.400110548384873],
      [148.95233882561115, 30.400110548384873],
      [151.57978546942468, 29.614617510180324],
      [151.81864425522508, 29.810995145015113],
      [155.0671237421193, 32.70722653291523],
      [156.40473294260664, 30.74374907865422],
      [157.93342917173504, 31.13646789224731],
      [157.98120092889621, 31.13646789224731],
      [155.7359283423666, 35.84818438007642],
      [156.83467875704991, 37.4183837782175],
      [154.73272144199836, 39.08651659623774],
      [154.63717792767966, 44.28581784028938],
      [158.1245162003761, 47.62014496491702],
      [159.5098971580228, 51.14969549227135],
      [163.2838659736808, 50.022302253848466],
      [166.34125843193578, 54.18827858102668],
      [165.86354086033316, 56.491257286157634],
      [169.3508791330314, 64.08335944658756],
      [174.22359836337455, 68.34283446823974],
      [176.85104500718808, 68.09807397616987],
      [179.0963175937195, 70.05603191670889],
      [184.016808581222, 68.53863962145806],
      [188.6984407829259, 72.55201080649658],
      [191.8513767555014, 72.1115779319116],
      [192.5201813557469, 70.69230625529053],
      [196.7718677430057, 71.671130493477],
      [196.6763242286852, 74.99859500056846],
      [198.15724870065242, 75.48785793880052],
      [198.53942275793452, 77.88498677684674],
      [197.6795311290498, 81.69993579286347],
      [199.35154262965807, 81.84664281538517],
      [201.64458697334885, 79.10784567257178],
      [202.9821961738362, 82.09115093509536],
      [208.61926351874172, 84.58487790481831],
      [207.80714364701998, 86.34487532765161],
      [210.00464447639024, 88.93556060297578],
      [212.48877584872207, 87.42031512243284],
      [212.7276346345243, 87.66472118090223],
      [215.92834236425915, 91.03706825468726],
      [218.65133252239139, 90.9393310406058],
      [220.13225699436043, 94.65284290695217],
      [220.6577463231224, 95.97186862809485],
      [220.6577463231224, 95.97186862809485],
      [221.75649673780936, 95.72761441907733],
      [225.00497622470357, 94.99482502916453],
      [225.00497622470357, 94.94597097565747],
      [225.19606325334644, 90.30402172568756],
      [229.11334734048432, 86.00267177529895],
      [234.081610085148, 86.54041627750212],
      [235.03704522835324, 88.83780801640751],
      [237.13900254340297, 89.717555548973],
      [241.24737365918372, 85.61157126223952],
      [242.6805263739916, 86.88260605028336],
      [246.02454937520815, 85.46490561635073],
      [253.19031294924207, 79.35240399619943],
      [254.00243282096562, 77.00445892360221],
      [263.0312949242507, 74.2646669116748],
      [264.17781709609517, 70.10497717605085],
      [268.0473294260755, 71.0349029222125],
      [268.8594492977991, 73.09029787823056],
      [271.53466769877195, 73.04136358866162],
      [280.42021453057714, 82.43345477587809],
      [277.6972243724431, 84.8782269208341],
      [276.6462457149173, 88.64230069747646],
      [282.3310848169858, 93.08938468071756],
      [284.0030963175941, 92.2098590804735],
      [287.7770651332521, 94.45742062506997],
      [290.16565299126523, 98.70721115356719],
      [289.6879354196608, 100.36768209879756],
      [292.17206679199444, 102.760351542639],
      [294.942828707286, 102.760351542639],
      [296.041579121973, 109.6917973212212],
      [294.03516532124195, 114.96120324349704],
      [297.5225035939402, 119.35079510898595],
      [300.62766780935453, 120.32606516676424],
      [300.5798960521952, 121.59381041808592],
      [306.3602786685824, 125.64004339809526],
      [310.2775627557239, 121.83759387093596],
      [312.0928895278121, 124.66515885557965],
      [315.38914077186746, 124.9576316393377],
      [316.8700652438347, 124.03144599895404],
      [316.0579453721093, 121.44753822366874],
      [318.3509897158019, 119.20449849349916],
      [322.98485016034465, 120.47234956945613],
      [322.4115890744215, 116.32700782959546],
      [332.1092557779484, 118.86313352769776],
      [335.453278779165, 117.79021572183319],
      [336.3609421652109, 114.91242193806465],
      [343.8611080393657, 112.18038580334996],
      [342.81012938183994, 108.42292740962966],
      [349.4504036271155, 104.90850685227997],
      [353.4154594714146, 105.00614209154719],
      [354.22757934313813, 111.20452378037407],
      [352.3644808138888, 118.32668533842752],
      [353.3676877142534, 123.44645377245433],
      [355.61296030078483, 125.68878577011947],
      [348.3516532124304, 131.43914614903497],
      [343.9088797965269, 132.55969305514736],
      [344.24328209664964, 139.81663122466853],
      [341.6158354528361, 142.98118615305793],
      [345.62866305429634, 147.79962108036943],
      [354.75306867190193, 139.76793996374727],
      [356.2817649010285, 139.91401321901503],
      [357.6671458586752, 142.05623919785012],
      [362.6831803604982, 144.5388482319795],
      [361.82328873161714, 150.76769975786647],
      [365.3583987614729, 152.4217557092761],
      [366.8870949905995, 155.3401842613912],
      [371.99867300674487, 156.4587482010238],
      [368.5591064912078, 163.21679745467918],
      [365.07176821851135, 166.3758790811762],
      [365.3106270043136, 176.62567296856014],
      [361.8710604887747, 182.20879581222016],
      [374.5783478933972, 181.72339795470725],
      [381.36193741015086, 186.3825019684764],
      [381.40970916731203, 191.8161067646197],
      [379.0211213092989, 195.50196081914874],
      [382.12628552471506, 201.12581623076403],
      [388.2888421983844, 203.11300348254917],
      [389.48313612739, 206.69890164217577]
    ],
    [
      [160.84750635851015, 149.06478355093077],
      [160.8952781156695, 149.2107562097044],
      [155.01935198496176, 154.22152778297004],
      [150.38549154041903, 158.25798305988883],
      [150.38549154041903, 158.3552321811876],
      [150.7676655976993, 162.77932806965237],
      [149.71668694017353, 164.14029752616716],
      [149.57337166869547, 164.38331339465185],
      [146.37266393895698, 164.8693320513621],
      [150.62435032621943, 171.47745570900406],
      [148.61793652549022, 172.4975407309703],
      [149.86000221165523, 179.19904949969714],
      [148.23576246820812, 181.04381182110592],
      [149.3822846400526, 181.674857215261],
      [147.9013601680872, 187.2559062556693]
    ],
    [
      [147.9013601680872, 187.2559062556693],
      [147.9013601680872, 187.2559062556693]
    ],
    [
      [147.9013601680872, 187.2559062556693],
      [144.31847838106842, 190.60343663888398],
      [140.9266836226925, 188.56590753995442],
      [135.62401857790792, 192.1556350413448],
      [135.57624682074675, 192.20413838962577],
      [128.74488554683194, 189.05106119034554],
      [125.49640605993591, 185.1208189581639],
      [114.50890191308281, 183.7134190002771],
      [112.59803162667231, 181.04381182110592],
      [109.87504146854008, 181.48069252334608],
      [107.53422536768812, 179.00484941639843],
      [105.43226805263839, 179.44179569889639]
    ],
    [
      [105.43226805263839, 179.44179569889639],
      [105.43226805263839, 179.44179569889639]
    ],
    [
      [105.43226805263839, 179.44179569889639],
      [101.41944045117816, 175.26595634100067],
      [96.78558000663543, 170.36013168850877],
      [96.21231892071046, 169.7771434746237],
      [88.56883777507392, 167.97943864220724],
      [86.99236978878798, 162.97376065232675],
      [84.46046665929316, 162.53628341501917],
      [82.78845515868488, 159.47354683915546],
      [79.34888864314962, 159.37630575531512],
      [76.38703969921517, 163.41122375597752],
      [72.46975561207546, 165.45253142150614],
      [73.47296251244006, 167.59071435430542],
      [71.75317925467425, 173.6146886950346],
      [75.38383279885056, 179.29614850001326],
      [74.47616941280467, 183.32514509158227],
      [74.18953886984491, 184.781115066844],
      [74.09399535552438, 185.1693473926307],
      [73.66404954108111, 185.1208189581639],
      [73.42519075527889, 185.07229035049386],
      [72.8041579121982, 185.02376156960509],
      [72.8041579121982, 183.0339323808994],
      [69.507906668141, 185.02376156960509],
      [66.8804600243293, 183.95608456110585],
      [66.976003538648, 180.17000826706408],
      [62.96317593718959, 177.9852534143629],
      [55.271923034391875, 178.27657436969548],
      [55.2241512772307, 178.2280213111717],
      [53.361052747981375, 174.97457076880983],
      [54.125400862545575, 168.46532832423054],
      [47.628441888753514, 159.66802691055182],
      [42.8512661727309, 159.86250418705004],
      [42.75572265841038, 159.57078722422557],
      [42.707950901249205, 159.47354683915546]
    ],
    [
      [42.707950901249205, 159.47354683915546],
      [38.83843857127067, 150.7190479880146],
      [31.529359725755057, 143.0298658150923],
      [30.573924582551626, 142.00755602229947],
      [30.526152825390454, 141.95887267104808],
      [30.191750525267707, 141.61808429227585],
      [30.908326882672554, 140.88779448428068],
      [35.58995908437464, 136.01818462351457],
      [34.730067455491735, 134.06984788778573],
      [36.21099192745896, 132.9981425488304],
      [36.21099192745896, 130.659580247976],
      [38.886210328431844, 129.68505937864575],
      [40.988167643479755, 123.64145400962661],
      [42.42132035828763, 123.88520032867382],
      [43.281211987174174, 121.39878047172533],
      [40.9403958863204, 121.88635003085346],
      [39.79387371447592, 119.69214768270194],
      [37.357514099303444, 120.56987161978213],
      [37.26197058498292, 120.61863237951275],
      [41.7047440008846, 106.42177312221884],
      [37.45305761362397, 101.10017733790482],
      [36.59316598474106, 96.70460449732491],
      [28.949684839100883, 90.40176358614463],
      [26.131151166649943, 85.66045945285714],
      [26.131151166649943, 85.61157126223952],
      [26.22669468096865, 85.56268289262061],
      [32.29370784031926, 78.96110852576476],
      [41.752515758043955, 82.531254260477],
      [45.43094105938326, 87.46919669191539],
      [55.31969479155305, 80.96637648201158],
      [56.84839102067963, 77.9339032858943],
      [62.43768660842579, 74.99859500056846],
      [65.39953555236025, 70.2028671549806],
      [65.49507906668077, 67.41272065219528],
      [73.18633196947849, 66.38462448500104],
      [74.42839765564713, 65.258523245785],
      [79.30111688598845, 65.2095601601277],
      [82.59736813004565, 65.11163344818397],
      [86.51465221718536, 62.663231310693845],
      [88.75992480371679, 59.23471072816119],
      [88.18666371779182, 52.81610138216729],
      [103.18699546610515, 40.21484023505673],
      [112.88466216963388, 41.294016386554176],
      [123.346676987725, 36.73144446128663],
      [127.55059161782629, 37.22211903946027],
      [129.5570054185555, 42.078816552977514],
      [133.04434369125192, 43.893488918013645],
      [141.78657525157723, 40.999704337382354],
      [145.79940285303564, 41.343067759036785],
      [145.847174610195, 41.244964832447295],
      [145.89494636735617, 41.244964832447295]
    ],
    [
      [187.1697445537975, 158.84146730270913],
      [185.35441778170934, 161.51544821887728],
      [183.06137343801856, 167.2505714557483],
      [186.64425522503552, 168.41674013984903],
      [184.35121088134474, 172.40039308175346],
      [182.0103947804946, 176.38287641751685],
      [181.3415901802491, 178.76209540706714],
      [181.38936193741029, 179.73308541118422],
      [183.96903682406264, 185.89725312602332],
      [177.51984960742993, 189.48768468533217],
      [175.13126174941863, 198.65354494151597],
      [175.89560986398283, 201.9498070572381],
      [170.4974013048777, 201.46511260053558],
      [170.4974013048777, 201.61052274628855],
      [169.637509675993, 209.1212726184458]
    ],
    [
      [169.637509675993, 209.1212726184458],
      [159.79652770098255, 210.8651137015513],
      [157.83788565741452, 212.6087322164849],
      [152.77407939843033, 208.97594247765664],
      [152.72630764126916, 207.910140850252],
      [150.95875262634036, 208.15237579769382],
      [148.85679531129063, 208.9274987537092],
      [143.79298905230462, 214.4005527872805],
      [140.5445095654104, 212.94774331485223],
      [140.49673780824924, 211.9306847884609],
      [139.73238969368504, 211.34947449790616],
      [137.773747650117, 211.34947449790616],
      [136.00619263518638, 212.41500781293962],
      [135.62401857790792, 212.99617278527785],
      [135.14630100630347, 216.4342267082584],
      [138.25146522171963, 222.53343502059124],
      [139.35021563640294, 228.29130458770396],
      [136.43613844962965, 232.54766958268374],
      [137.34380183567373, 237.67290180654163],
      [134.2386376202594, 238.05963413093923],
      [133.28320247705415, 237.52787437657298],
      [132.0889085480485, 237.52787437657298]
    ],
    [
      [132.0889085480485, 237.52787437657298],
      [132.13668030520967, 237.28615858898047],
      [126.69069998894156, 234.48194435813548],
      [122.58232887316262, 235.15887611416292],
      [121.77020900143725, 235.35227905442753],
      [117.040805042574, 241.87803122149307],
      [110.3527590401427, 243.90763314625838],
      [111.40373769766666, 246.85485478895862],
      [109.11069335397588, 245.59873920011069],
      [109.97058498285878, 247.53117720677983],
      [107.48645361052695, 248.25577147097556],
      [107.0565077960855, 246.51668110873288],
      [106.33993143868247, 249.02862995771738],
      [106.33993143868247, 249.12523421623519],
      [103.52139776622789, 249.12523421623519],
      [103.47362600906854, 250.284432423442],
      [103.52139776622789, 250.76740286103268],
      [103.47362600906854, 250.71910657989883],
      [101.41944045117816, 249.02862995771738],
      [98.17096096428213, 252.3127943961963],
      [96.16454716355292, 249.4150429225474],
      [92.39057834789492, 251.49182674410804],
      [89.18987061815824, 251.20206176576903],
      [89.23764237531759, 251.29865076960414],
      [90.04976224704114, 253.71315566063913],
      [91.62623023333072, 258.4443578348082],
      [91.14851266172627, 259.313177611828],
      [90.8618821187647, 259.7958316077538]
    ],
    [
      [90.8618821187647, 259.7958316077538],
      [89.95421873272244, 261.3884699384789],
      [87.94780493199141, 264.9109257912669],
      [87.80448966051154, 265.2004027234143],
      [87.70894614619101, 265.0556650162798],
      [77.24693132809989, 253.03713696827253]
    ],
    [
      [77.24693132809989, 253.03713696827253],
      [77.24693132809989, 253.03713696827253]
    ],
    [
      [77.24693132809989, 253.03713696827253],
      [74.23731062700426, 253.61658359345074],
      [74.57171292712519, 251.34694501737158],
      [69.93785248258246, 248.20746637402954],
      [65.20844852372102, 248.93202502095573],
      [64.96958973792061, 244.87400493291716],
      [62.62877363706866, 245.35716535539086],
      [61.76888200818394, 242.16799270526644],
      [59.90578347893461, 242.31297115278448],
      [59.85801172177344, 242.31297115278448],
      [56.65730399203858, 239.02641729356856],
      [53.552139776622425, 238.39801598009308],
      [53.0744222050198, 238.34967622644308],
      [50.54251907552862, 240.52479671682886],
      [50.25588853256704, 240.76645551128786],
      [46.19528917394746, 239.75146000554105]
    ],
    [
      [46.19528917394746, 239.75146000554105],
      [39.93718898595762, 225.87232645436688],
      [34.63452394116939, 222.48503930447623],
      [27.37321685281495, 220.21024763141577],
      [26.08337940948877, 219.38735752518005],
      [25.796748866527196, 219.24213648703517],
      [23.40816100851589, 217.69301616190933],
      [19.729735707176587, 212.80245387387095],
      [16.290169191639507, 213.48045805128095],
      [8.455601017361914, 207.18341022096683],
      [7.643481145638361, 206.8927071372118],
      [7.070220059715211, 206.9411580810638],
      [0.7643481145641999, 207.86169334506303],
      [0, 207.95858818353736],
      [0.38217405728391896, 206.1659223425031],
      [0.7643481145641999, 204.51840018077746],
      [1.4809244719654089, 204.32456096676015],
      [2.531903129493003, 204.03379698240678],
      [3.8695123299803527, 200.78651141865885],
      [8.407829260202561, 197.974803792662],
      [9.88875373216797, 194.7260744407822],
      [8.74223156032349, 194.19262691637869],
      [9.172177374766761, 191.91311570777816],
      [8.121198717240986, 191.91311570777816],
      [7.739024659958886, 188.9540318442414],
      [3.7261970584986557, 189.972805470803],
      [4.012827601460231, 186.2369291338282],
      [5.5892955877479835, 185.2664037419254],
      [5.3026650447864085, 183.85901885663134],
      [2.9140771867732838, 183.08246826599407],
      [2.9140771867732838, 183.08246826599407],
      [5.5415238305868115, 180.7525502146391],
      [22.26163883666959, 175.26595634100067],
      [25.70120535220667, 169.87430991777273],
      [27.898706181578746, 169.04837295217385],
      [27.37321685281495, 166.32728340473386],
      [31.57713148291623, 165.20953473528334],
      [31.95930554019651, 162.53628341501917],
      [35.303328541413066, 159.27906397268453],
      [35.35110029857242, 159.23044281931925],
      [42.707950901249205, 159.47354683915546]
    ],
    [
      [287.0604887758491, 250.96058629097752],
      [286.72608647572633, 250.67081012929884],
      [286.678314718567, 251.05717698922945],
      [285.91396660400096, 254.72712148551363],
      [285.8661948468434, 254.96853091859612],
      [279.99026871613205, 254.00286779921043],
      [277.2672785579998, 255.30649701757466],
      [274.49651664270823, 253.9062977634958],
      [272.68118987061825, 255.8858481841089],
      [272.44233108481785, 261.0506529349441]
    ],
    [
      [272.44233108481785, 261.0506529349441],
      [271.7735264845742, 261.1954326639716],
      [263.60455601017384, 262.6431463748704],
      [259.54395665155425, 268.6736525214101],
      [261.645913966604, 272.9657684447375],
      [259.4961848943931, 275.71395164663045],
      [259.87835895167336, 280.48581454090163],
      [266.23200265398555, 286.55671660794815],
      [267.2829813115113, 292.57681015898925],
      [262.5058055954887, 298.35364348388794],
      [257.25091230786165, 300.03810060802516],
      [256.39102067897875, 303.69507601471287],
      [257.9674886652665, 307.49538645861867],
      [257.39422757934335, 309.13064362915793],
      [253.23808470640142, 307.7839752168229],
      [247.88764790445566, 309.08255057243514],
      [243.25378745991293, 315.3332555282559],
      [239.57536215857544, 314.2756410864231],
      [232.12296804157813, 316.48692520114764],
      [228.20568395444025, 313.3621821835459],
      [226.2470419108704, 313.5544942985389],
      [226.2470419108704, 313.50641651868955]
    ],
    [
      [226.2470419108704, 313.50641651868955],
      [226.6292159681525, 306.43717646393634],
      [226.58144421099314, 305.85993708360365],
      [219.46345239411676, 299.3643422674795],
      [217.79144089350848, 287.9536111968964],
      [215.64171182129758, 285.11150505354],
      [216.11942939290202, 267.85365844020816],
      [210.33904677651117, 261.62976273227014],
      [204.84529470308735, 259.313177611828],
      [201.5968152161895, 245.40548046386266],
      [199.73371668694017, 244.7290534952699],
      [200.3069777728615, 242.02301272819295],
      [190.17936525489313, 242.45794807082711],
      [188.17295145416392, 244.1975518150175],
      [187.59969036824077, 242.6995728689235],
      [185.11555899590894, 242.60292345946254],
      [185.25887426738882, 239.36477532219487],
      [174.60577242065665, 221.22669063154626],
      [174.31914187769507, 216.04688356600582],
      [170.06745549043444, 212.07598349825275],
      [170.06745549043444, 212.0275507666547],
      [170.0196837332751, 212.0275507666547],
      [170.0196837332751, 211.88225154185238],
      [169.637509675993, 209.1212726184458]
    ],
    [
      [226.2470419108704, 313.50641651868955],
      [224.7183456817438, 313.65064936045746],
      [224.0973128386595, 314.22756579520956],
      [222.4253013380512, 315.9581717887786],
      [221.4220944376866, 316.96759271615065],
      [220.0367134800399, 323.3108516470538],
      [216.45383169302113, 327.15384815474226],
      [213.39643923476797, 327.8262638235965],
      [211.77219949131904, 326.52943318950565],
      [208.85812230454576, 329.6992511177996],
      [205.6096428176479, 328.2104868166007],
      [203.02996793099555, 331.0438051396286],
      [201.8834457591529, 329.3150690644852],
      [197.39290058608822, 332.72431581375986],
      [195.5298020568407, 332.86835018725014],
      [194.09664934203283, 332.82033889427385],
      [193.66670352758956, 330.1794638321426],
      [193.47561649895033, 330.1794638321426],
      [193.47561649895033, 330.03540175046874],
      [188.74621254008707, 329.98738072656306],
      [187.1697445537975, 328.69075069810515],
      [184.49452615282462, 327.63414836401716],
      [181.67599248037186, 326.4814001127543]
    ],
    [
      [181.67599248037186, 326.4814001127543],
      [170.44962954771836, 317.5924357083404],
      [170.59294481919642, 315.91010230203756],
      [167.77441114674548, 312.83331017686305],
      [162.13734380183632, 314.9486777464017]
    ],
    [
      [162.13734380183632, 314.9486777464017],
      [162.0418002875158, 314.9486777464017],
      [160.56087581554857, 310.9099699293138],
      [162.80614840207818, 309.99629023678426],
      [162.08957204467515, 305.66751863358604],
      [152.77407939843033, 304.5610608830666],
      [152.77407939843033, 304.5129520274113],
      [152.72630764126916, 304.46484300532666],
      [152.3919053411464, 301.1449183895129],
      [151.5320137122635, 300.134349132406],
      [152.24859006966835, 299.7974763800421],
      [151.96195952670678, 296.52457299429443],
      [150.24217626893733, 295.80250515803436],
      [150.43326329757656, 292.624960372852],
      [148.66570828264958, 290.650664551049],
      [148.18799071104695, 290.16908635298114],
      [143.74521729514527, 290.36171963891775],
      [144.55733716686882, 289.25404170021284],
      [142.6942386376195, 286.7975705472445],
      [142.78978215194002, 286.7975705472445],
      [142.6942386376195, 286.74940009425245],
      [143.8407608094658, 286.6048877306839],
      [143.79298905230462, 283.6661427286217],
      [143.26749972354264, 283.52159820093675],
      [143.74521729514527, 280.87134777684423],
      [143.74521729514527, 280.7267740716534]
    ],
    [
      [143.74521729514527, 280.7267740716534],
      [143.74521729514527, 280.7267740716534]
    ],
    [
      [143.74521729514527, 280.7267740716534],
      [141.6910317372549, 273.68902751512996],
      [141.6910317372549, 273.59259515876875],
      [142.1687493088575, 271.5191367550851],
      [142.88532566626054, 268.33601379622087],
      [142.50315160898026, 268.0948382242377],
      [138.92026982196148, 265.6346067382592],
      [138.20369346455846, 265.15215698968404],
      [138.58586752184237, 263.84945842110847],
      [138.44255225035886, 263.17393666951284],
      [136.14950790666808, 260.1336793521623],
      [136.34059493530913, 257.96165651809497],
      [132.04113679088732, 256.1755146317846],
      [130.08249474731747, 249.60824533593768],
      [129.7958642043559, 248.44899016273212],
      [131.99336503372797, 237.52787437657298],
      [132.0889085480485, 237.52787437657298]
    ],
    [
      [389.48313612739, 206.69890164217577],
      [389.96085369899265, 205.342186122989],
      [393.63927900033013, 208.4914975048132],
      [397.2699325445101, 217.78984132162168],
      [403.1936304323772, 219.43576419539477],
      [402.23819528917375, 222.2430581577828],
      [403.1936304323772, 223.59809749980832],
      [401.23498838880914, 225.19493603869614],
      [401.95156474621217, 229.01691477641089],
      [398.17759593055416, 233.12798065084735],
      [399.22857458807994, 237.23781492078888],
      [398.6075417449956, 242.3612969620699],
      [393.25710494304985, 247.14471132571998],
      [393.63927900033013, 252.11962994111855],
      [396.17118212982496, 254.43742458092856],
      [396.64889970142576, 258.2030092894647],
      [399.7540639168401, 263.80120796420215],
      [399.2763463452393, 265.875825289093],
      [400.9961296030069, 266.8888971768065],
      [405.39113126174743, 265.73109466443384],
      [405.77330531903135, 270.8439901381744],
      [410.741568063695, 274.55688845505665],
      [411.5059161782592, 276.72630253341504],
      [402.47705407497415, 286.31585848261693],
      [400.661727302886, 285.5450843474382],
      [397.3177043016676, 287.47193931042966],
      [395.7412363153817, 290.8914473794912],
      [396.0756386155026, 295.2248238480788],
      [400.32732500276325, 295.4173869557717],
      [402.85922813225807, 300.03810060802516],
      [405.2955877474287, 301.1930389020408],
      [400.61395554572664, 307.5434850006368],
      [399.18080283091876, 312.68906887167213],
      [401.6649342032506, 314.9967505495815],
      [401.6649342032506, 318.8420376874965],
      [404.4834678757052, 321.77335675393806],
      [412.2702642928234, 323.16671869635866],
      [412.07917726418054, 320.8603889970318],
      [413.3690147075067, 320.04347246070665],
      [415.1843414795967, 322.013601497918],
      [415.85314607984037, 324.8001383271139],
      [415.85314607984037, 324.8001383271139],
      [415.9486895941609, 325.28051949480596],
      [416.4264071657617, 327.057786130943],
      [416.4741789229229, 327.1058172254252],
      [420.2481477385827, 330.08342260936297],
      [421.7290722105481, 334.30861233286214],
      [421.8723874820298, 334.7406620560032],
      [424.2609753400411, 334.7886667570292],
      [423.7832577684385, 336.2767307889944],
      [425.50304102620794, 339.25238421401264],
      [429.0859228132249, 341.12384219230444],
      [429.27700984186595, 345.6335084726488],
      [432, 350.5732860946073],
      [424.6431493973232, 352.3473447494989],
      [420.82140882450585, 350.4773846425578],
      [419.29271259537745, 352.20351050989666],
      [416.37863540860235, 352.25145542020437],
      [409.49950237753, 346.0172428573269],
      [408.7351542629658, 342.65921070029617],
      [406.91982749087583, 341.41173660748973],
      [407.77971911976056, 338.77248289877207],
      [406.8242839765571, 337.5246624759384],
      [401.1394448744886, 339.3483625030276],
      [389.33982085591015, 337.71664208954917],
      [387.6200375981407, 339.44434013407954],
      [386.2346566404958, 335.0766915036447],
      [381.4574809244714, 332.91636131537416],
      [377.4924250801723, 333.54049098077576],
      [374.1484020789576, 337.2846842555873],
      [365.549485790114, 337.42867168159046],
      [362.1099192745769, 331.37992343612314],
      [362.01437576025637, 331.18785682778434],
      [361.0589406170511, 330.4675835405569],
      [359.434700873604, 329.3150690644852],
      [359.2913856021223, 329.1709980712676],
      [355.85181908658524, 330.9957875803402],
      [354.46643812894035, 326.14516394953625],
      [354.46643812894035, 326.0971295510535],
      [353.22437244277353, 326.6735314285588],
      [351.69567621364513, 325.0403309770436],
      [351.2179586420425, 324.4638616745251],
      [347.3006745549046, 325.52070388072843],
      [345.9630653544191, 325.6648125291413],
      [343.71779276788766, 324.94425441295334],
      [343.71779276788766, 324.9922927776406]
    ],
    [
      [343.71779276788766, 324.9922927776406],
      [342.8579011390011, 324.5599415446768],
      [341.56806369567494, 323.8873685660692],
      [341.56806369567494, 323.79128406653854],
      [342.57127059603954, 320.18763767891323],
      [341.233661395554, 318.6017383117496],
      [336.9342032511322, 318.50561740194644],
      [334.402300121641, 316.29465355389766],
      [331.1060488775838, 318.8900970657369],
      [324.89572044675333, 315.91010230203756],
      [323.36702421762675, 313.45833857290836],
      [324.9912639610757, 310.14055943796484],
      [317.20446754395743, 304.8016026649302],
      [311.23299789892735, 305.0421402863467],
      [307.1246267831466, 307.7839752168229],
      [300.6754395665139, 307.3510898349541],
      [300.00663496627203, 307.3029906278516],
      [299.3856021231877, 306.43717646393634],
      [296.041579121973, 304.1761853775315],
      [295.0861439787677, 304.22429539828045],
      [291.40771867743024, 301.04867686457965],
      [291.35994692026907, 301.0005558521725],
      [291.26440340594854, 300.90431332746357],
      [289.3057613623787, 297.29473729988877],
      [289.3057613623787, 294.3101126040092],
      [287.6815216189316, 292.624960372852],
      [286.48722768992593, 291.42115488911804],
      [284.05086807475345, 291.9508421714081],
      [283.8597810461142, 280.87134777684423],
      [280.5635298020552, 276.5334795056706],
      [281.9966825168631, 272.82111208936385],
      [280.65907331637754, 268.6736525214101],
      [278.12717018688454, 266.93713684102113],
      [275.499723543071, 262.3053600992889],
      [272.44233108481785, 261.0989130134967],
      [272.44233108481785, 261.0506529349441]
    ],
    [
      [90.8618821187647, 259.7958316077538],
      [91.57845847616954, 261.0989130134967],
      [97.40661284971793, 271.71202972977244],
      [101.80161450846026, 276.4852733287271],
      [101.99270153710131, 276.72630253341504],
      [102.90036492314539, 279.1845605839453],
      [108.25080172509115, 292.4323585147722],
      [109.87504146854008, 294.6471184966658],
      [109.6839544398972, 294.74340439164644]
    ],
    [
      [109.6839544398972, 294.74340439164644],
      [108.2985734822505, 295.5136675079466],
      [110.97379188322338, 299.4605954594781],
      [109.77949795421955, 301.1449183895129],
      [111.92922702642863, 301.4336389654545],
      [110.73493309742298, 302.05917963822503],
      [111.06933539754573, 304.65727809508735],
      [105.09786575251564, 306.48527866444783],
      [101.41944045117816, 304.0318543165631],
      [101.32389693685582, 304.3686244618366],
      [100.89395112241436, 305.763728191323]
    ],
    [
      [100.89395112241436, 305.763728191323],
      [100.70286409377513, 306.3890740971001],
      [98.69645029304411, 302.347881223046],
      [97.83655866415938, 307.06249209812177],
      [93.15492646245912, 307.4472877503367],
      [92.96383943381625, 310.8137959431806],
      [94.49253566294465, 310.9099699293138],
      [94.58807917726335, 314.37179117118285],
      [96.11677540639357, 315.813962831161],
      [90.19307751852284, 316.1504480778376],
      [92.10394780493334, 319.27456612921105],
      [87.99557668915259, 321.43700716259536],
      [87.90003317483024, 321.43700716259536],
      [87.90003317483024, 321.43700716259536],
      [86.13247815990326, 322.3018897306847],
      [85.3203582881797, 320.5240173936727],
      [76.62589848501557, 322.1096982372983],
      [74.14176711268374, 321.5331078732361],
      [74.04622359836503, 321.43700716259536],
      [73.90290832688333, 316.48692520114764],
      [70.55888532566678, 314.75638487516153],
      [70.12893951122533, 314.13141471511244],
      [69.93785248258246, 311.3908298958513],
      [69.98562423974363, 310.8137959431806],
      [72.61307088355534, 308.2168471323812],
      [72.61307088355534, 306.19666296643845],
      [68.1225257104943, 299.9418514169047],
      [67.83589516753273, 297.10220022804697],
      [66.06834015260574, 295.3211057358212],
      [66.54605772420655, 293.15460169729704],
      [58.37708724980621, 280.10027056683793],
      [58.2815437354875, 277.1119405253148],
      [57.1350215636412, 277.49756776693357],
      [53.50436801946307, 273.2068590062536],
      [53.5999115337836, 270.69931157104566],
      [52.405617604777945, 270.0241248914199],
      [46.24306093110863, 251.00888172482337],
      [43.281211987174174, 245.9369354530727],
      [47.19849607431206, 244.7290534952699],
      [48.583877031958764, 246.27512338895485],
      [49.01382284640022, 245.9369354530727],
      [49.25268163220244, 245.79199522027557],
      [49.58708393232337, 245.55042477068764],
      [48.87050757492034, 244.9706383756975],
      [46.19528917394746, 239.75146000554105]
    ],
    [
      [343.71779276788766, 324.9922927776406],
      [343.6700210107265, 325.0403309770436],
      [343.0967599248015, 328.4025943503757],
      [340.13491098086706, 327.44203026216564],
      [335.50105053632615, 332.72431581375986],
      [332.20479929227076, 332.2441905192363],
      [330.2461572487009, 334.212599470864],
      [329.0040915625359, 334.0685789420404],
      [324.6090899037936, 333.49248199546855],
      [317.44332632975784, 339.39635140079645],
      [309.7520734269601, 340.4520655410215],
      [308.17560544067237, 344.53021359549984],
      [304.4494083821737, 342.8990968290882],
      [302.39522282428334, 343.6187305728099],
      [300.1977219949131, 341.1718250057993],
      [294.8472851929673, 344.5781847439812],
      [291.50326219175076, 344.62615572826235],
      [290.50005529138616, 348.8469596500927],
      [287.10826053300843, 350.76508703232594],
      [285.5317925467225, 355.99065404467547],
      [283.8597810461142, 356.0865178416998],
      [282.0922260311854, 358.6266701367722],
      [280.4679862877365, 358.0995064805038],
      [282.7610306314273, 362.45999300414405],
      [282.80880238858845, 362.55581268698825],
      [281.089019130819, 362.2683516799116],
      [279.99026871613205, 364.42416604675054],
      [282.1877695455041, 365.38219973530977],
      [283.04766117438885, 367.6812145335707],
      [280.8501603450168, 372.4696234188996],
      [283.81200928895305, 373.71434319029777],
      [281.1845626451395, 373.61859941828334],
      [280.8023885878574, 373.61859941828334],
      [277.2672785579998, 371.6078299370338],
      [275.499723543071, 370.6502197954851],
      [273.8754837996221, 372.32599483212016],
      [272.6334181134571, 373.81008631195346],
      [274.3054296140672, 378.88354165828787],
      [280.7068450735369, 378.35713586641396],
      [280.9457038593391, 380.94112135215073],
      [279.22592060156967, 382.5678325137724],
      [279.75140993033165, 388.45113495448913],
      [276.4073869291169, 387.39901683247444],
      [275.6908105717139, 384.8640469285783],
      [273.73216852814403, 385.00754793545275],
      [271.9646135132134, 389.45535648275927],
      [274.1143425854243, 392.46759324876257],
      [266.85303549706805, 401.5960139509498]
    ],
    [
      [266.85303549706805, 401.5960139509498],
      [266.85303549706805, 401.5960139509498]
    ],
    [
      [266.85303549706805, 401.5960139509498],
      [261.16819639500136, 395.28799543250807],
      [256.77319473625903, 394.8578009196681],
      [253.7635740351634, 399.35029907523676],
      [246.9799845184134, 400.1148377150357],
      [247.2188433042138, 396.2439364351467],
      [244.8302554462025, 396.3395269853836],
      [243.73150503151737, 398.39456774985683],
      [240.10085148733742, 397.00864276768516],
      [240.00530797301872, 390.0291653335653],
      [238.3810682295716, 386.7772738538224],
      [234.9415017140327, 387.0164090057542],
      [232.88731615614233, 385.2467130409477],
      [233.22171845626508, 383.14192111983175],
      [230.68981532677026, 377.3042653524817],
      [233.89052305650694, 374.9589530520043],
      [233.4128054849043, 369.88408480915405],
      [225.81709609642712, 363.7535036479658],
      [224.57503041026212, 366.0048866577199],
      [220.37111578016084, 367.05860176917486],
      [215.92834236425915, 371.6078299370338],
      [215.54616830697887, 373.7622148324208],
      [211.53334070551864, 375.533351315501],
      [209.09698109034616, 378.97924969222004],
      [209.049209333185, 378.78783297514656]
    ],
    [
      [209.049209333185, 378.78783297514656],
      [208.09377418997974, 375.7248122034889],
      [209.38361163330774, 374.52813899652665],
      [203.65100077407806, 371.6078299370338],
      [204.55866416012577, 368.68691545416823],
      [202.79110914519515, 366.38806491644664],
      [199.4470861439804, 365.09479647772605],
      [198.58719451509387, 366.86702307067844],
      [192.854583655866, 362.1725300384878],
      [190.7048545836551, 362.45999300414405],
      [186.26208116775342, 359.7288575243583],
      [188.9372995687263, 357.0451198317969],
      [188.02963618268222, 354.74436513701403],
      [184.7811566957862, 354.3129316678287],
      [182.34479708061372, 356.9013337032857],
      [180.8638726086465, 354.26499379742927],
      [184.63784142430632, 352.0596747963],
      [183.9212650669033, 349.94991493878297],
      [177.51984960742993, 351.5802117712092],
      [176.85104500718808, 350.81303685710645],
      [176.8032732500269, 350.76508703232594],
      [176.4210991927448, 350.33353123542383],
      [179.28740462236055, 349.94991493878297],
      [179.0963175937195, 346.9285699266002],
      [182.29702532345436, 344.3383273595209],
      [182.0103947804946, 340.4520655410215],
      [177.99756717903438, 337.8606250716466],
      [180.4816985513644, 334.1165859497669],
      [178.23642596483478, 330.56362212345266],
      [181.67599248037186, 326.4814001127543]
    ],
    [
      [181.67599248037186, 326.4814001127543],
      [181.67599248037186, 326.4814001127543]
    ],
    [
      [209.049209333185, 378.78783297514656],
      [208.85812230454576, 378.97924969222004],
      [207.1383390467763, 381.32389378353037],
      [207.04279553245578, 381.41958526962935],
      [205.08415348888775, 381.2760477972279],
      [205.03638173172658, 381.32389378353037],
      [203.84208780272093, 383.23760028508786],
      [204.84529470308735, 384.72054446393395],
      [200.97578237310518, 387.39901683247444],
      [201.50127170186897, 388.83370394777467],
      [199.2082273581782, 390.12479787824486],
      [197.24958531460834, 387.97290915279154],
      [192.32909432710403, 388.78588338978716],
      [191.08702864093902, 391.4157739402672],
      [188.9372995687263, 391.8460731102232],
      [188.36403848280497, 397.486563254899],
      [181.2460466659304, 403.12480772213894],
      [180.76832909432778, 403.50698040606903],
      [180.8638726086465, 403.88914278913444]
    ],
    [
      [180.8638726086465, 403.88914278913444],
      [180.81610085148714, 404.03245102736673],
      [180.14729625124528, 401.4049031352988],
      [177.9497954218732, 400.73599498507474],
      [180.14729625124528, 399.254728844262],
      [179.23963286519938, 394.7143998431593],
      [178.14088245051244, 395.38359243765626],
      [173.79365254893128, 392.5632093081258],
      [170.54517306203525, 393.7583555334104],
      [171.6439234767222, 388.8815243440049],
      [169.78082494747287, 385.29454557617646],
      [167.3444653323004, 384.0030102717137],
      [167.29669357514285, 381.46743076943676],
      [161.32522393011277, 385.53370582311436],
      [158.1245162003761, 383.14192111983175],
      [157.69457038593464, 382.8070389361292],
      [155.3537542850827, 377.3521248080033],
      [149.57337166869547, 380.94112135215073],
      [149.5255999115343, 380.8932740683995],
      [148.7612517969701, 380.07984542699523],
      [145.79940285303564, 376.6820776522254],
      [144.60510892403, 375.7248122034889],
      [143.9840760809475, 376.0119986612026],
      [144.31847838106842, 374.9589530520043],
      [141.11777065133174, 371.3205537291178],
      [141.0699988941724, 371.2726737916255],
      [136.483910206789, 371.41631311594483],
      [130.32135353311787, 367.01070733898996],
      [130.89461461904284, 363.370253635826],
      [128.60157027535206, 360.0642887053582],
      [130.08249474731747, 358.67459312494157],
      [129.46146190423678, 355.2716547106402],
      [132.0889085480485, 350.86098651802786],
      [131.75450624792575, 349.61424207440723],
      [127.45504810350576, 348.559217919983],
      [128.74488554683194, 344.91397818589303],
      [127.40727634634459, 344.19441095830916],
      [128.36271148954984, 341.2198076549057],
      [127.21618931770536, 340.4520655410215],
      [132.94880017693322, 335.9407301645497]
    ],
    [
      [132.94880017693322, 335.9407301645497],
      [132.94880017693322, 335.9407301645497]
    ],
    [
      [132.94880017693322, 335.9407301645497],
      [138.68141103615926, 334.93267987164654],
      [143.9840760809475, 331.2358737272789],
      [149.81223045449588, 334.9806839137118],
      [151.62755722658403, 333.3964635304037],
      [157.40793984297125, 332.67630402621944],
      [157.5034833572936, 332.67630402621944],
      [161.61185447307435, 334.30861233286214],
      [162.0418002875158, 334.2606059842501],
      [160.84750635851015, 330.5156029144928],
      [161.6596262302337, 328.06640443262404],
      [164.47815990268646, 327.58611908627336],
      [164.09598584540436, 326.2892661536416],
      [166.8189760035384, 324.94425441295334],
      [168.68207453278774, 321.8694551479184],
      [162.2806590733162, 318.4094958295418],
      [162.4239743447979, 318.16918899947996],
      [162.99723543072105, 317.2079202583409],
      [161.80294150171358, 315.2371120778171],
      [162.18511555899568, 315.09289565840027],
      [162.13734380183632, 314.9486777464017]
    ],
    [
      [266.85303549706805, 401.5960139509498],
      [266.70972022558817, 404.27129487267166],
      [267.23520955435015, 404.4623670525334],
      [268.5728187548375, 405.0355681465221],
      [269.7193409266838, 405.46545376479753],
      [271.82129824173535, 407.6624434982773],
      [273.2544509565414, 409.76359370291493],
      [273.44553798518245, 410.050090089112],
      [272.3945593276567, 414.0126971956947],
      [277.9360831582435, 417.01972156569127],
      [276.6462457149173, 418.880894139113],
      [278.50934424416664, 423.60431577452164],
      [275.35640827159114, 423.3180924209428],
      [275.45195178591166, 426.1800670626967],
      [272.20347229901563, 425.17844136902977],
      [271.8690699988947, 426.7047000294374],
      [271.82129824173535, 426.75239297735015],
      [275.73858232887324, 431.9499675719653],
      [281.28010615946005, 431.47320481906854],
      [282.4266283313045, 436.28777643115336],
      [282.04445427402425, 437.24096427752056],
      [281.089019130819, 439.5760055674473],
      [269.0505363264401, 444.38784589932493],
      [265.13325223930224, 448.05519076302653],
      [260.3560765232778, 448.05519076302653],
      [259.2095543514315, 450.43608014681286],
      [253.23808470640142, 451.10265819985307],
      [253.09476943492336, 451.197881102109],
      [252.33042132035916, 451.76920521473903],
      [250.32400751962814, 453.29262473528206],
      [250.32400751962814, 453.3878330743055],
      [250.46732279110984, 454.4350830342664],
      [250.5150945482692, 455.0062780152116],
      [250.56286630542854, 455.0062780152116],
      [251.2794426628334, 458.1474434607271],
      [251.32721441999274, 458.38538248981877],
      [249.84628994802551, 457.3860120260124],
      [247.79210439013696, 456.0534096700344],
      [247.4577020900142, 455.86302778846857],
      [244.01813557447895, 448.72187972443953],
      [241.9161782594274, 451.0550465111928],
      [241.3906889306636, 454.4350830342664],
      [239.71867743005714, 453.57824785356024],
      [233.89052305650694, 455.7678358990938],
      [231.26307641269523, 453.67345429383613],
      [235.89693685723796, 450.2932379537847],
      [235.5625345571152, 446.9598485858046],
      [229.01780382616198, 453.86386527577724],
      [228.1579121972809, 452.72136140833345],
      [229.35220612628473, 451.150269730163],
      [226.77253123963237, 449.24568497323435],
      [223.90622581002026, 450.3408521765268],
      [222.61638836669226, 446.57884033978644],
      [218.41247373659098, 448.3885391271069],
      [215.21176600685612, 445.34049343075276],
      [212.870949906006, 445.67390507133996],
      [212.82317814884482, 445.67390507133996],
      [212.77540639168365, 445.53101532019446],
      [211.1989384053977, 443.1969472014266],
      [206.46953444653445, 443.2922227488193],
      [204.6064359172833, 445.4833850858304],
      [204.46312064580343, 445.6262753129472],
      [204.17649010284185, 442.1965156028541],
      [203.9854030742008, 439.5760055674473],
      [202.217848059272, 436.6690592083255],
      [195.57757381399824, 434.047534354685],
      [194.9087692137564, 433.76152068397505],
      [193.5233882561115, 431.4255276669878],
      [193.33230122746863, 431.13946140646294],
      [193.380072984628, 431.13946140646294],
      [199.59040141545847, 425.5600213684288],
      [200.16366250138344, 420.40782820443155],
      [198.49165100077335, 418.260530347598],
      [198.96936857237597, 413.3921208990537],
      [193.04567068450888, 408.0444939458803],
      [190.13159349773377, 405.41768933951016],
      [186.64425522503552, 405.51321802924167],
      [184.20789560986304, 403.88914278913444],
      [183.87349330974212, 405.41768933951016],
      [181.58044896604952, 406.08637665770584],
      [181.29381842308976, 405.22663002987065],
      [180.8638726086465, 403.88914278913444]
    ],
    [
      [143.74521729514527, 280.7267740716534],
      [142.26429282317986, 279.71471585326435],
      [140.6878248368903, 278.65438500399705],
      [140.64005307973093, 278.7025836233688],
      [135.00298573482178, 281.3050598336031],
      [133.13988720557427, 280.34123680907305],
      [129.7003206900372, 281.7387583036634],
      [128.12385270374944, 296.139474821558],
      [130.4646688046014, 301.33739943992714],
      [128.74488554683194, 303.2139500039266],
      [128.935972575473, 304.41673381680175],
      [128.60157027535206, 305.09024731140835],
      [122.39124184452157, 303.4064024061663],
      [118.47395775738187, 298.2573826213538],
      [117.51852261417662, 298.11299007666366],
      [116.41977219949149, 297.9685960308407],
      [111.9769987835898, 297.3910048347716],
      [109.6839544398972, 294.74340439164644]
    ],
    [
      [132.94880017693322, 335.9407301645497],
      [131.56341921928652, 334.64465215971086],
      [132.4710826053306, 333.92455693016564],
      [130.7035275904018, 333.34845405064516],
      [126.35629768881881, 335.5567195700505],
      [125.73526484573631, 333.87654926329105],
      [128.74488554683194, 330.1794638321426],
      [125.63972133141579, 326.2892661536416],
      [125.44863430277474, 326.38533346362146],
      [120.76700210107265, 329.4591385722697],
      [121.05363264403422, 325.61677647825945],
      [119.9548822293491, 325.0403309770436],
      [119.52493641490764, 328.2104868166007],
      [117.56629437133779, 328.6427250528741],
      [117.99624018577924, 325.85695508017307],
      [114.22227137012123, 326.81762818084917],
      [111.9769987835898, 321.24480375544226],
      [106.91319252460562, 325.56874026212245],
      [109.97058498285878, 322.2538421055042],
      [105.9099856242392, 318.50561740194644],
      [100.94172287957554, 309.1787365197051],
      [102.32710383722224, 308.12065453702417],
      [100.89395112241436, 305.763728191323]
    ]
  ],
  "bbox": [0, 29.614617510180324, 432, 458.38538248981877]
}
