{
  "type": "Topology",
  "objects": {
    "districts": {
      "type": "GeometryCollection",
      "geometries": [
        {
          "type": "Polygon",
          "arcs": [[0, 1]],
          "properties": {
            "dt_code": "588",
            "district": "Kasaragod",
            "st_code": "32",
            "year": "2011_c",
            "st_nm": "Kerala"
          }
        },
        {
          "type": "Polygon",
          "arcs": [[2, 3, 3, 4, 5, 6, 7, 8]],
          "properties": {
            "dt_code": "590",
            "district": "Wayanad",
            "st_code": "32",
            "year": "2011_c",
            "st_nm": "Kerala"
          }
        },
        {
          "type": "Polygon",
          "arcs": [[-8, 6, -6, 9, 10, 11, 12]],
          "properties": {
            "dt_code": "591",
            "district": "Kozhikode",
            "st_code": "32",
            "year": "2011_c",
            "st_nm": "Kerala"
          }
        },
        {
          "type": "Polygon",
          "arcs": [[-5, 3, 3, 13, 14, 15, 16, -11, 9]],
          "properties": {
            "dt_code": "592",
            "district": "Malappuram",
            "st_code": "32",
            "year": "2011_c",
            "st_nm": "Kerala"
          }
        },
        {
          "type": "Polygon",
          "arcs": [[-15, 17, 18]],
          "properties": {
            "dt_code": "593",
            "district": "Palakkad",
            "st_code": "32",
            "year": "2011_c",
            "st_nm": "Kerala"
          }
        },
        {
          "type": "MultiPolygon",
          "arcs": [[[-16, -19, 19, 20, 21]], [[22, 23]]],
          "properties": {
            "dt_code": "594",
            "district": "Thrissur",
            "st_code": "32",
            "year": "2011_c",
            "st_nm": "Kerala"
          }
        },
        {
          "type": "Polygon",
          "arcs": [[24, 25, 26, 27]],
          "properties": {
            "dt_code": "596",
            "district": "Idukki",
            "st_code": "32",
            "year": "2011_c",
            "st_nm": "Kerala"
          }
        },
        {
          "type": "Polygon",
          "arcs": [[-21, 28, -24, 29, -28, 30, 31, 32]],
          "properties": {
            "dt_code": "595",
            "district": "Ernakulam",
            "st_code": "32",
            "year": "2011_c",
            "st_nm": "Kerala"
          }
        },
        {
          "type": "Polygon",
          "arcs": [[-32, 33, 34, 35, 36, 37, 37, 38, 39, 40]],
          "properties": {
            "dt_code": "598",
            "district": "Alappuzha",
            "st_code": "32",
            "year": "2011_c",
            "st_nm": "Kerala"
          }
        },
        {
          "type": "Polygon",
          "arcs": [[-27, 41, -36, 34, -34, -31]],
          "properties": {
            "dt_code": "597",
            "district": "Kottayam",
            "st_code": "32",
            "year": "2011_c",
            "st_nm": "Kerala"
          }
        },
        {
          "type": "Polygon",
          "arcs": [[-26, 42, 43, -39, 37, 37, -37, -42]],
          "properties": {
            "dt_code": "599",
            "district": "Pathanamthitta",
            "st_code": "32",
            "year": "2011_c",
            "st_nm": "Kerala"
          }
        },
        {
          "type": "Polygon",
          "arcs": [[-40, -44, 44, 45, 46]],
          "properties": {
            "dt_code": "600",
            "district": "Kollam",
            "st_code": "32",
            "year": "2011_c",
            "st_nm": "Kerala"
          }
        },
        {
          "type": "Polygon",
          "arcs": [[-46, 47]],
          "properties": {
            "dt_code": "601",
            "district": "Thiruvananthapuram",
            "st_code": "32",
            "year": "2011_c",
            "st_nm": "Kerala"
          }
        },
        {
          "type": "Polygon",
          "arcs": [[-1, 48, -9, -13, 49]],
          "properties": {
            "dt_code": "589",
            "district": "Kannur",
            "st_code": "32",
            "year": "2011_c",
            "st_nm": "Kerala"
          }
        }
      ]
    }
  },
  "arcs": [
    [
      [138.71399268007463, 55.12975146910617],
      [136.3214798932113, 55.08901470105502],
      [131.3403467140015, 57.655318129555326],
      [126.39843505588851, 57.370184633719646],
      [125.18256790190935, 58.347773409203],
      [125.37867550738974, 61.32106832722866],
      [121.41730187667963, 62.9094151334225],
      [119.33856125858529, 62.62433369007408],
      [116.20083957089537, 65.96368244247446],
      [113.06311788320454, 66.08584641687548],
      [115.49485219116377, 71.46055087288096],
      [114.59275720595451, 72.68193566103014],
      [114.9457508958194, 74.35107849634892],
      [114.59275720595451, 76.22366131889703],
      [114.5143141637609, 76.30507523100755],
      [113.37689005197535, 75.61304972276912],
      [112.20024441909027, 76.95637833663523]
    ],
    [
      [112.20024441909027, 76.95637833663523],
      [108.08198470399566, 64.66056790972266],
      [99.02181333078988, 44.37322961861446],
      [96.15864229077397, 41.15363258999059],
      [91.80505344910125, 32.10419886484533],
      [89.9224204364873, 26.191965450261023],
      [89.72631283100691, 26.84441084418927],
      [88.00056590277654, 22.236190371499788],
      [89.68709130991192, 20.72713928666326],
      [88.35355959264143, 20.48242062916688],
      [88.11823046606605, 21.787562062835377],
      [87.33380004414357, 19.829827070368538],
      [89.25565457785342, 17.341674265750953],
      [86.90236331208689, 20.03376419406277],
      [82.62721751260688, 9.549463407067378],
      [84.54907204631763, 10.977518873567078],
      [83.05865424466538, 9.100630796995347],
      [82.35266686493378, 9.345449484556639],
      [80.47003385231983, 4.775143948997311],
      [80.62691993670433, 3.958938534131903],
      [82.0388946961657, 4.489474795050455],
      [87.41224308633537, 1.5918064489756034],
      [90.74607237950659, 1.632620790874853],
      [91.21673063265916, 2.0407608894213354],
      [92.23649018115884, 1.6734350723968419],
      [92.74636995540914, 1.5101775840364553],
      [93.21702820856262, 1.3061043649477142],
      [93.37391429294712, 0.122449912996899],
      [93.45235733513891, -2.2737367544323206e-13],
      [94.39367384144498, 0.979584073876822],
      [94.86433209460029, 0.4489803547335214],
      [94.94277513679117, 0.4489803547335214],
      [95.57031947433006, 3.020272503346405],
      [92.70714843431324, 6.203445462687569],
      [95.76642707981046, 7.346033605761022],
      [94.66822448911807, 8.692594848665294],
      [99.92390831600005, 8.2845528956816],
      [100.39456656915445, 10.977518873567078],
      [98.7864842042136, 11.834316903815989],
      [99.53169310503927, 14.037390585167032],
      [101.9634274129985, 14.32296143765916],
      [103.64995282013206, 13.262254928293032],
      [103.64995282013206, 9.79427813389293],
      [105.80713648042183, 10.610311626950761],
      [106.4739023390548, 12.487097671907577],
      [108.74875056263045, 13.180660444999376],
      [110.82749118072479, 12.323903917040525],
      [110.5529405330526, 13.262254928293032],
      [111.65114312374408, 13.507036942255809],
      [109.21940881578485, 16.444253250501333],
      [111.72958616593678, 19.014063691954107],
      [116.04395348650996, 18.15748650240016],
      [115.69095979664598, 19.87061461415078],
      [116.86760542952834, 21.134998957383914],
      [115.92628892322227, 22.521677370233647],
      [116.78916238733655, 22.154622122891396],
      [118.04425106241342, 24.76468827978715],
      [119.88766255393148, 24.76468827978715],
      [123.69215010025619, 19.462736497482638],
      [124.24125139560238, 19.421948358364716],
      [127.731966773159, 22.276974406684076],
      [129.22238457481126, 22.154622122891396],
      [128.0849604630239, 24.152975833324717],
      [125.41789702848655, 23.05185978936015],
      [124.79035269094857, 24.479224132065383],
      [123.53526401587169, 24.560785613638245],
      [123.2999348892954, 26.80363345112687],
      [124.39813747998778, 29.576361424300785],
      [126.82987178794701, 29.739454557957515],
      [126.98675787233151, 31.859579346157943],
      [129.96759347563693, 32.26727736492103],
      [130.39903020769543, 36.14011483146487],
      [132.90920755784737, 36.01782281877013],
      [134.20351775402014, 34.75410770729445],
      [133.73285950086665, 33.12342402048239],
      [135.2624988236148, 31.981889370808858],
      [138.87087876445912, 32.26727736492103],
      [139.3415370176117, 33.6126390167733],
      [139.57686614419072, 35.20252921492806],
      [136.47836597759488, 37.52605402600898],
      [133.57597341648125, 36.8330929152653],
      [133.53675189538444, 36.8330929152653],
      [133.53675189538444, 41.805732342367264],
      [134.9487266548458, 43.965705850968334],
      [139.4592015809003, 46.08476571557185],
      [138.28255594801794, 48.89635182846132],
      [140.55740417159177, 53.09284212741272],
      [140.4005180872091, 53.25580020503526],
      [138.71399268007463, 55.12975146910617]
    ],
    [
      [194.33010959438707, 93.15287825555197],
      [194.36933111548478, 93.0715111282475],
      [201.429204912788, 94.16994841431892],
      [208.56752175228394, 90.30489514819237],
      [213.19566124162793, 88.92148967002936],
      [213.07799667833842, 89.04355747647378],
      [213.11721819943432, 102.14256655559461],
      [213.8624271002618, 102.99664849173723],
      [217.70613616768242, 100.84106113231155],
      [221.35373762962172, 100.71904207270336],
      [223.19714912114068, 101.77652392234972],
      [223.43247824771788, 105.51808059744963],
      [224.92289604937105, 107.59200179189043],
      [227.2369657940426, 108.16128825544502],
      [230.9237887770787, 107.14469766173056],
      [233.86540285929004, 110.15370537692547],
      [235.0028269710756, 113.77224586383818],
      [237.90521953218922, 114.95122641645344],
      [238.6112069119199, 115.19514764009023],
      [245.16120093497557, 112.99978518074363],
      [244.80820724510886, 114.70730320913685],
      [244.80820724510886, 114.7479572147954],
      [244.80820724510886, 114.7479572147954],
      [246.6123972155301, 116.53667892990666],
      [244.0629983442832, 118.16269712704957],
      [244.14144138647498, 118.44724126823417],
      [245.47497310374274, 122.3899332446208],
      [245.47497310374274, 122.43057686753696],
      [245.51419462483864, 122.43057686753696],
      [248.37736566485637, 125.1129350024662],
      [247.1222769897804, 126.86040390294579],
      [242.41569445824553, 127.02295401928473],
      [241.35671338864995, 130.0299738812048],
      [237.47378280013436, 131.61463468700072],
      [237.43456127903664, 131.61463468700072],
      [236.84623846259456, 130.720733630636],
      [233.27708004284614, 133.36172902131307],
      [232.61031418421226, 131.33021447705255],
      [230.8061242137901, 130.1518738027853],
      [226.0603201611575, 133.64613022876551],
      [225.94265559786982, 133.72738722842496],
      [226.37409232992832, 134.49931790728533],
      [227.74684556829106, 138.19618853292377],
      [226.02109864006343, 138.11494344287803]
    ],
    [
      [226.02109864006343, 138.11494344287803],
      [226.02109864006343, 138.11494344287803]
    ],
    [
      [226.02109864006343, 138.11494344287803],
      [224.96211757046603, 140.18662576544853],
      [221.70673131948752, 141.28334194717536],
      [221.43218067181533, 141.36457861966755],
      [221.39295915071943, 141.68952315442812],
      [220.88307937646914, 144.08588268929657],
      [216.29416140822195, 146.48205509066656]
    ],
    [
      [216.29416140822195, 146.48205509066656],
      [214.2154207901267, 144.08588268929657],
      [210.3324902016093, 142.58310285117318],
      [210.72470541257007, 140.1053859660135],
      [209.3911736953023, 138.84614147425327]
    ],
    [
      [209.3911736953023, 138.84614147425327],
      [209.3911736953023, 138.84614147425327]
    ],
    [
      [209.3911736953023, 138.84614147425327],
      [204.99836333253643, 140.87715535116376],
      [198.21304018290448, 136.1649964071214],
      [195.89897043823294, 132.30535839990625],
      [191.38849551217936, 130.27377323475866],
      [190.0941853160066, 125.68188944868643],
      [190.44717900587148, 122.06478228982496],
      [192.05526137081324, 120.4796211673065],
      [185.1522736578936, 119.1382658330424],
      [180.8771278584154, 114.78861116534267],
      [178.95527332470465, 114.7479572147954],
      [179.73970374662804, 113.69093515087388],
      [178.01395681839858, 112.87781588344524],
      [179.15138093018595, 109.62511787103449]
    ],
    [
      [179.15138093018595, 109.62511787103449],
      [176.8373111855135, 108.28327679863219],
      [179.38671005676315, 106.57539178968932],
      [179.54359614114765, 106.53472666843322],
      [179.50437462005084, 106.53472666843322],
      [178.71994419812927, 104.05404926648475],
      [180.72024177403, 102.42726326248362],
      [193.3103500458892, 103.8913746717144],
      [193.7417867779468, 102.22390875029282],
      [191.62382463875474, 100.43432898191645],
      [194.290888073293, 98.68531715752056],
      [193.5456791724655, 96.00058641941837],
      [193.2711285247924, 95.02426026765738],
      [194.05555894671397, 93.68175911289882],
      [194.64388176315788, 93.19356173503775],
      [194.33010959438707, 93.15287825555197]
    ],
    [
      [216.29416140822195, 146.48205509066656],
      [216.29416140822195, 146.48205509066656]
    ],
    [
      [216.29416140822195, 146.48205509066656],
      [216.25493988712515, 149.93383964411987],
      [215.0782942542428, 149.12168985393578],
      [213.6270979736846, 151.15202421699792],
      [212.29356625641594, 150.9896023869178],
      [211.74446496107066, 153.4258401244142],
      [210.88159149695457, 157.24222673895838],
      [210.92081301805229, 157.24222673895838],
      [213.58787645258872, 158.90667370742403],
      [213.23488276272383, 161.3016969475318],
      [209.9794965117444, 162.11352736935805],
      [205.9004583177457, 166.78114188746258],
      [202.5274075034804, 166.45646086362308],
      [200.40944536428833, 167.67399730987268],
      [198.36992626728988, 166.33470460968647],
      [192.36903353958223, 169.8654434817713],
      [190.48640052696737, 169.21614209310474],
      [190.13340683710248, 170.55531146049475],
      [185.77981799543159, 173.23347860749118],
      [186.36814081187276, 175.0187964848344],
      [188.79987511983472, 175.42453641111842],
      [189.1528688096987, 176.80401303727717],
      [186.68191298064357, 176.88515683926084],
      [185.3483812633749, 178.87311473582668],
      [186.05436864310468, 180.17130534029593],
      [184.6031723625474, 180.0090344336436],
      [182.56365326554896, 182.1184912320764]
    ],
    [
      [182.56365326554896, 182.1184912320764],
      [180.24958352087742, 178.4268493826562],
      [180.75946329512772, 177.73715414415915],
      [174.28791231426567, 160.85518118563505],
      [173.0328236391888, 160.1245051989688],
      [172.52294386494032, 156.75505463163927],
      [168.914563924096, 149.24351368703083],
      [165.30618398325169, 145.18245936164794],
      [162.09001925336815, 145.22307256033628],
      [160.40349384623642, 143.5985027020522],
      [151.7355376839896, 120.03250936235918],
      [153.50050613331587, 119.09761776859227]
    ],
    [
      [153.50050613331587, 119.09761776859227],
      [155.22625306154623, 122.14607035712766],
      [158.52086083361974, 120.88608068553913],
      [157.18732911635288, 118.08139830643904],
      [165.502291588733, 113.08109776964375],
      [168.20857654436531, 108.64923943623353],
      [170.87563997890265, 108.89321203517238],
      [172.20917169617042, 110.72294300406952],
      [174.79779208851505, 110.27568578112664],
      [174.05258318768938, 108.68990167452989],
      [176.13132380578372, 108.20195115858837],
      [179.15138093018595, 109.62511787103449]
    ],
    [
      [226.02109864006343, 138.11494344287803],
      [227.86451013158057, 140.87715535116376],
      [227.43307339952298, 144.6138689398167],
      [231.3944470302331, 142.98926682696742],
      [232.49264962092457, 144.85755183849687],
      [235.82647891409488, 146.11654934711737],
      [237.55222584232433, 144.65448289058918],
      [243.4746755278402, 148.02525367167482],
      [245.67108070922404, 147.4567158324569],
      [245.35730854045505, 149.44655233845788],
      [250.14233411418263, 153.1822249965876],
      [256.2216698840821, 155.09049213656863],
      [255.20191033558422, 156.9580439400802],
      [259.4378346139656, 156.47086736638903],
      [259.6731637405419, 159.47500101169203],
      [258.30041050217824, 161.3422889716835],
      [259.2025054873893, 162.80356658098026],
      [257.20220791148677, 164.10242245589484],
      [256.6531066161406, 166.05060483799957],
      [249.35790369226015, 169.41905022329934],
      [248.92646696020165, 173.11174869482693],
      [248.2204795804737, 173.55808940162547]
    ],
    [
      [248.2204795804737, 173.55808940162547],
      [244.18066290757088, 172.66540164463595],
      [243.94533378099277, 175.05937071295034],
      [245.16120093497557, 176.88515683926084],
      [244.61209963962938, 182.56470444701063],
      [242.18036533166742, 183.33542154759516],
      [242.4549159793405, 184.71455271305126],
      [237.74833344780382, 185.85026274425923],
      [236.17947260396068, 187.39151850025496],
      [236.37558020944107, 189.50048420213238],
      [232.45342809982776, 189.94659364841868],
      [231.35522550913538, 191.56875714869102],
      [231.35522550913538, 191.60931017833377],
      [231.82588376228978, 193.10973603200637],
      [234.2968395913449, 192.21759943474808],
      [236.02258651957618, 192.78532560942767],
      [235.6303713086154, 194.89393445593555],
      [236.68935237821006, 195.58325717351227],
      [240.61150448782246, 195.82654399767284],
      [239.5133018971328, 198.29985510918505],
      [236.06180804067208, 197.6916815569855],
      [235.2381560976528, 202.43512965040713],
      [236.57168781492146, 203.89451132300496],
      [236.49324477272967, 205.7997156812071],
      [232.57109266311636, 204.13773517150707],
      [229.66870010200182, 204.6647138781086],
      [227.98217469486826, 207.82640533168706],
      [225.90343407677392, 207.8669378276163],
      [224.06002258525677, 204.74578676047327],
      [223.00104151565938, 206.52933861063002],
      [221.66750979839162, 206.6509408287177],
      [221.11840850304634, 205.23221977316962],
      [219.62799070139317, 205.7186454484604],
      [219.15733244823969, 204.70525034478123],
      [217.15703487233714, 207.38054452090887],
      [214.999851212051, 206.73200871966105],
      [215.03907273314508, 208.6775770735494],
      [213.39176884710741, 208.27225999134703],
      [212.99955363614663, 209.9745576102723],
      [212.13668017203145, 209.3666044564202],
      [211.39147127120668, 212.52783626701762],
      [209.62650282188042, 212.8520477421987],
      [208.25374958351495, 212.97362621033813],
      [205.782793754458, 211.91993101818753],
      [205.74357223336392, 212.0009857096627],
      [203.97860378403675, 214.79724861173645],
      [206.4103380919969, 217.10702348762743],
      [205.2336924591118, 220.67267021047292],
      [205.4298000645931, 221.32092777028583],
      [205.9004583177457, 222.9415154402409],
      [206.0573444021311, 223.34664981664605],
      [206.17500896541878, 223.34664981664605],
      [206.2926735287092, 223.508702163537],
      [208.13608502022726, 223.83280445167884],
      [208.37141414680355, 224.39997574029258],
      [208.44985718899534, 224.68355770344897]
    ],
    [
      [208.44985718899534, 224.68355770344897],
      [208.41063566789853, 224.68355770344897],
      [208.29297110461084, 224.84560343803787],
      [208.21452806241905, 225.41275720242788],
      [208.01842045693775, 225.29122507863622],
      [206.5672241763823, 227.47873445186474],
      [203.70405313636365, 228.0863500885573],
      [202.37052141909498, 228.97749937687695],
      [199.27202125250187, 229.3825592547048],
      [198.99747060482878, 229.01800558904756],
      [196.52651477577092, 229.54458180986853]
    ],
    [
      [196.52651477577092, 229.54458180986853],
      [191.50616007546705, 217.83639203569896],
      [182.56365326554896, 182.1184912320764]
    ],
    [
      [248.2204795804737, 173.55808940162547],
      [249.20101760787475, 173.7609694447608],
      [249.90700498760634, 175.05937071295034],
      [251.5150873525481, 174.2478762044484],
      [251.3974227892586, 172.74655612569632],
      [253.94682166050825, 172.50309205316012],
      [254.26059382927724, 172.46251452416436],
      [257.94741681231335, 175.26224106853283],
      [268.0665692551156, 174.32902659775982],
      [274.69500632036033, 169.90602437160783],
      [275.36177217899603, 169.45963169154902],
      [275.7932089110536, 169.6625382439472],
      [276.3815317274939, 169.54079447027198],
      [276.3815317274939, 169.41905022329934],
      [279.4408103729929, 172.01615824280407],
      [278.69560147216544, 174.65362607639827],
      [275.126443052417, 177.3314440145773],
      [276.2638671642062, 180.04960223846388],
      [276.9306330228401, 179.0353914811251],
      [279.0093736409344, 181.14491327842939],
      [280.7743420902598, 180.73924694962943],
      [280.2644623160113, 184.30893213009426],
      [281.4803294699914, 186.8642552120557],
      [280.3036838371072, 187.47263515255486],
      [280.617456005878, 189.2571491416868],
      [283.9905068201433, 190.83879379332075],
      [286.38301960700846, 189.5815954755401],
      [285.4417031007015, 191.3659912267592],
      [282.73541814506825, 192.25815163937796],
      [277.4797343181863, 191.04156306897744],
      [277.32284823380087, 191.04156306897744],
      [275.63632282666913, 192.5420156285645],
      [271.8318352803435, 200.2053908995956],
      [270.92974029513243, 202.0297341072942],
      [271.400398548285, 202.47566892373789],
      [272.3809365756888, 203.48913416074697],
      [273.1653669976122, 204.29988338373232],
      [279.9899116683382, 207.2589450500966],
      [284.3435005100082, 207.21841179143803],
      [289.324633689218, 209.2450124551865],
      [292.0309186448512, 212.81152148494198],
      [291.63870343389044, 215.0403905324174],
      [291.63870343389044, 215.1619608108981],
      [297.0512733451551, 216.25607287041157],
      [297.1689379084437, 216.7423330892086],
      [297.678817682694, 219.05197001514216],
      [295.835406191175, 224.1569035330872],
      [295.71774162788734, 224.4404875995392],
      [295.71774162788734, 224.4404875995392],
      [295.67852010679053, 224.5215111677992],
      [296.1099568388481, 225.89888119510806],
      [295.835406191175, 226.22295985581422],
      [293.6390010097912, 229.18002993905998],
      [293.3252288410231, 229.62559278837398],
      [293.87433013636837, 230.03064469072228],
      [295.05097576925345, 234.56688603654743],
      [287.8342158875648, 235.01237613282478],
      [287.40277915550723, 236.22731862840283],
      [288.1479880563338, 238.49509203164826],
      [290.42283627990946, 239.2239862561721],
      [290.0698425900446, 244.81164431793354],
      [290.89349453306386, 245.6618579342055],
      [288.0303234930461, 257.9672946678461],
      [289.8345134634674, 259.6670339546647],
      [288.7755323938718, 261.04295074143147],
      [291.48181734950504, 263.99693603740593],
      [289.91295650565917, 267.072044647688]
    ],
    [
      [289.91295650565917, 267.072044647688],
      [289.75607042127467, 267.39572410224673],
      [287.9518804508525, 266.060526490631],
      [286.69679177577564, 267.39572410224673],
      [281.3626649067037, 267.43618381748865],
      [282.42164597629835, 264.6848134622319],
      [277.16596214941546, 263.38997378192835],
      [274.26356958830365, 264.4824980203955],
      [271.5180631115727, 262.05461855287945],
      [270.772854210747, 262.98532624042286],
      [267.4782464386735, 262.7425353960723],
      [263.7522019345415, 256.67219773281795],
      [260.536037204658, 256.7531427489587],
      [256.80999270052416, 253.02947053413232],
      [251.554308873644, 251.12700049081764],
      [248.0635934960883, 247.0788325073661],
      [247.0438339475886, 245.6618579342055],
      [247.82826436951018, 243.55652745506995],
      [243.82766921770508, 239.30497351506233],
      [245.04353637168606, 239.38596057635164],
      [246.73006177881962, 237.28023272392875],
      [245.55341614593635, 235.94383603594542],
      [246.22018200456932, 233.47338488755486],
      [249.08335304458706, 231.85331662227372],
      [247.98515045389559, 228.45091407974928],
      [249.67167586102914, 228.0863500885573],
      [251.9465240846048, 224.7240692121918],
      [251.0444290993937, 222.41483325383228],
      [243.2785679223589, 223.02254271662923],
      [241.67048555741894, 220.6321536859448],
      [239.9055171080936, 221.19938045733352],
      [238.7288714752085, 223.3871629785549],
      [231.78666224119388, 221.92865755637217],
      [227.86451013158057, 222.98202910350665],
      [227.0408581885622, 220.18646859914134],
      [221.35373762962172, 219.1330069362075],
      [222.9618199945644, 220.59163711116412],
      [222.72649086798629, 222.41483325383228],
      [221.51062371400712, 222.53637604924893],
      [219.39266157481688, 226.506526059095],
      [218.6866741950871, 227.0736511187406],
      [218.5297881107017, 227.19517664314708],
      [218.412123547414, 227.316701717986],
      [217.82380073097102, 226.0609209254901],
      [217.82380073097102, 226.0204110679042],
      [217.47080704110613, 226.70907184761654],
      [215.23518033862638, 225.53428887592236],
      [214.136977747934, 226.83059872102444],
      [211.35224975010897, 224.88611474653203],
      [208.48907871009123, 224.76458067086946],
      [208.44985718899534, 224.68355770344897]
    ],
    [
      [289.91295650565917, 267.072044647688],
      [290.26595019552406, 267.2743446677691],
      [290.0698425900446, 268.32628538111544],
      [289.324633689218, 270.5109815042174],
      [289.5207412946984, 270.7537168756951],
      [291.48181734950504, 272.9787106917215],
      [294.1096592629474, 271.5628223101671],
      [294.1096592629474, 273.9495716845149],
      [296.0707353177522, 275.68896208525143]
    ],
    [
      [296.0707353177522, 275.68896208525143],
      [294.42343143171456, 274.9204051289746],
      [292.6976845034851, 274.15183092304983],
      [290.57972236429305, 273.1809756715811],
      [290.0698425900446, 273.54504962019223],
      [287.28511459221954, 272.8978043646921],
      [286.85367786016104, 273.0596168272655],
      [286.65757025468156, 272.9787106917215],
      [282.93152575054955, 274.7586014669016],
      [280.6566775269721, 273.7068590199626],
      [275.16566457351473, 275.2035596980313],
      [271.5572846326704, 273.46414463324436],
      [267.2429173120954, 274.1922826272969],
      [262.53633478056054, 271.03690595972967],
      [262.53633478056054, 271.0773613513113],
      [261.39891066877226, 272.00782212524246],
      [262.18334109069565, 272.9787106917215],
      [260.1438219936954, 273.1809756715811],
      [245.31808701935915, 272.00782212524246],
      [242.7686881481104, 276.2148069124348],
      [237.19923215246126, 278.8439101477811],
      [236.29713716724928, 281.1897093656223],
      [234.17917502805722, 281.59414134703],
      [234.2968395913449, 284.101513725916],
      [233.15941547955845, 283.7779920465748],
      [232.84564331078946, 284.38459270853696],
      [230.25702291844573, 284.8698655664243],
      [228.84504815898345, 282.079453457442],
      [228.76660511679165, 281.95812607065477],
      [224.49145931731346, 281.4323691243362],
      [223.86391497977456, 282.8478503236229]
    ],
    [
      [223.86391497977456, 282.8478503236229],
      [218.4513450685081, 283.8993130316396],
      [211.78368648216747, 262.459277211713],
      [196.52651477577092, 229.54458180986853]
    ],
    [
      [296.8159442185788, 276.3361545731775],
      [297.0120518240601, 276.53839972006494],
      [296.9336087818674, 276.4979507861135]
    ],
    [
      [296.9336087818674, 276.4979507861135],
      [296.8159442185788, 276.3361545731775]
    ],
    [
      [312.818324825801, 275.52716205363845],
      [313.0144324312805, 274.9204051289746],
      [313.2497615578577, 274.31363745314684],
      [312.26922353045484, 273.0191637834271],
      [317.6425719206254, 270.1064187129275],
      [317.7994580050108, 270.34915696359894],
      [321.8000531568159, 267.8407783234836],
      [326.85962937821387, 265.0489782181221],
      [332.66441450044294, 265.57498708000185],
      [331.84076255742366, 269.49956552519325],
      [335.6844716248452, 275.2035596980313],
      [335.2138133716908, 278.8439101477811],
      [337.920098327324, 278.6416785845604],
      [338.3123135382848, 278.6416785845604],
      [339.0575224391123, 280.13816397989217],
      [336.86111725772935, 283.73755162345765],
      [336.11590835690185, 290.40958170884164],
      [336.07668683580596, 290.5308794573052],
      [333.21351579578914, 289.68178631791375],
      [329.6835788971366, 290.9352022258515],
      [329.6443573760407, 290.9756342438593],
      [329.3305852072717, 294.21004337917293],
      [335.72369314594107, 300.59712031978506],
      [334.7431551185382, 302.41601125645843],
      [335.84135770922876, 303.305212516158],
      [336.66500965224805, 307.62964354489054],
      [333.880281654423, 308.96323950806413],
      [330.8602245300208, 314.0546887180569],
      [331.1347751776939, 316.1961115785182],
      [330.2326801924828, 317.00416214309985],
      [332.89974362702014, 319.75139687672936],
      [331.37010430426926, 320.47857063214906],
      [331.2524397409816, 322.9023762172046],
      [333.2919588379809, 323.62948585373533],
      [333.880281654423, 325.5683727125336],
      [331.3308827831752, 326.65895049511596],
      [332.38986385276985, 328.7188403904331],
      [331.0563321355021, 331.3440193121837],
      [331.4485473464629, 332.91903489933566],
      [329.2913636861758, 333.8074749194277],
      [329.6443573760407, 336.75532408470326],
      [326.85962937821387, 340.75270921975334],
      [326.5066356883508, 341.76208038526556],
      [325.4476546187543, 345.6378059170672],
      [325.6437622242356, 345.7185458235465],
      [329.840464981522, 345.55706583222377],
      [332.54674993715525, 348.98836231838527],
      [336.35123748347905, 349.9167755386368],
      [341.4500352259747, 346.72777961122824],
      [342.7443454221484, 347.0910969584854],
      [342.273687168994, 349.149827175213],
      [343.76410497064717, 349.8764102349894],
      [346.0781747153196, 346.7681483835097],
      [346.5880544895699, 347.41404268386054],
      [345.685959504357, 347.5755144782379],
      [345.9212886309342, 349.4323889640825],
      [344.90152908243545, 350.56261436010357],
      [346.5096114473781, 352.0964360521996],
      [346.5096114473781, 352.78259872458045],
      [348.62757358656745, 355.72891665177553],
      [350.2748774726042, 354.84101001461397],
      [350.5102065991814, 355.20424713123793],
      [351.529966147682, 356.81859105743877],
      [350.1179913882206, 358.1907279276476],
      [349.412004008489, 362.1857780499082],
      [347.76470012245227, 362.9121045771982],
      [346.9802697005307, 362.3471851722006],
      [346.3527253629927, 362.3875368431693],
      [345.7644025465506, 363.07350854395634],
      [343.9994340972262, 366.01900793485754],
      [343.80332649174306, 366.4628301137983],
      [343.80332649174306, 366.4224828612954],
      [343.80332649174306, 366.4628301137983],
      [343.80332649174306, 366.4628301137983],
      [343.76410497064717, 367.7135732975463],
      [343.6464404073595, 371.46555167422355],
      [343.45033280188, 372.3934023125154],
      [342.2344656478999, 375.3785052758433],
      [339.5674022133626, 375.41884288136634],
      [339.488959171169, 378.202033305098],
      [337.6455476796509, 379.5330517557277]
    ],
    [
      [337.6455476796509, 379.5330517557277],
      [337.7239907218427, 382.27560861624033],
      [334.1156107809984, 380.5010357116438],
      [332.8605221059224, 381.2673387663199],
      [331.52699038865467, 379.8153829710142],
      [333.8018386122294, 370.57802087027505],
      [332.78207906373063, 368.6818618231464],
      [331.21321821988386, 365.81726883394765],
      [329.8796865026179, 363.39631437485036],
      [329.840464981522, 363.3559637992812],
      [327.1734015469847, 362.75069990941427],
      [326.8988508993116, 360.81378917367215],
      [325.565319182042, 361.94366605102834],
      [324.07490138038884, 360.9348490563965],
      [321.9961607622954, 362.26648169874045],
      [318.4662238636429, 361.2576734787258],
      [316.7404769354125, 362.06472224780225],
      [314.073413500877, 363.5173658388097],
      [314.6225147962232, 366.7452596590805],
      [308.7000651107064, 367.6732273975018],
      [308.6216220685128, 367.6732273975018],
      [308.6608435896105, 367.63288145385707],
      [309.4452740115321, 364.12261724833616],
      [304.2680332268428, 361.70155247327205],
      [304.7779130010931, 361.4997899521061]
    ],
    [
      [304.7779130010931, 361.4997899521061],
      [305.7192295074001, 361.1366146495666],
      [305.2093497331498, 358.06965907559186],
      [303.48360280492125, 356.8589487513108],
      [302.2677356509412, 358.95748812453155],
      [297.3258239928282, 355.56748067087267],
      [297.0120518240601, 353.7512771895873],
      [295.40396945911834, 353.5494712775943],
      [295.01175424815665, 349.149827175213],
      [296.423729007618, 348.5443302954832],
      [296.1099568388481, 343.78073881084356],
      [297.2081594295396, 343.3770160677702],
      [300.0713304695564, 345.476325569005],
      [300.6596532859985, 344.7496551707252],
      [298.85546331557816, 342.32731601536784],
      [299.79677982188514, 341.2372108726413],
      [297.1689379084437, 338.69350516957866],
      [295.63929858569554, 334.37283446915126],
      [293.4036718832158, 332.4344220400478],
      [292.7369060245819, 333.04018709787374],
      [287.12822850783414, 326.61855931639275],
      [284.029728341241, 324.5989423979636],
      [281.4018864277996, 323.5890912614666],
      [280.1467977527236, 325.0028748818895],
      [274.10668350391916, 321.40771554027015],
      [273.51836068747707, 321.1653322427187],
      [269.90998074663275, 321.084537444681],
      [267.9489046918261, 319.91299232539814],
      [268.0665692551156, 319.5494015363645]
    ],
    [
      [268.0665692551156, 319.5494015363645],
      [268.1450122973074, 319.2666061376617],
      [268.4195629449805, 318.5394076680104],
      [268.3803414238846, 314.74157426860984],
      [268.1057907762115, 313.2061646777454],
      [268.3411199027878, 313.08494530024336],
      [268.6941135926527, 312.96372550822866],
      [270.14530987321086, 312.35762032874663],
      [273.63602525076476, 313.3273836407866],
      [275.4009937000901, 313.44860218941153],
      [275.4794367422837, 313.367789869704],
      [274.02824046172736, 312.03435999315843],
      [278.22494321901286, 308.47830135151867],
      [276.969854543936, 306.70013775521784],
      [277.4012912759945, 305.3664561849562],
      [280.4997914425876, 304.7198045094799],
      [282.65697510287646, 305.85143714504625],
      [282.50008901849105, 302.6989413723536],
      [284.5003865943936, 299.95038079992287],
      [288.9324184782572, 302.37559248233265],
      [290.5012793221031, 301.1225873912897],
      [285.87313983275817, 299.222784564769],
      [283.04919031383724, 296.59522771097113],
      [288.69708935168, 296.9994800848676],
      [287.8734374086607, 294.8973166117644],
      [289.1677476048326, 294.169615119863],
      [293.1683427566377, 295.8675616426799],
      [293.4036718832158, 293.52275658969484],
      [299.79677982188514, 284.46547199164274],
      [306.3859953660358, 286.40651799913985],
      [310.1512613912637, 284.34415299595526],
      [310.2297044334573, 284.34415299595526],
      [315.48538826033655, 284.6272299896591],
      [317.0934706252792, 283.7779920465748],
      [314.4656287118378, 280.7852726343208],
      [311.17102093976246, 281.23015277747686],
      [309.2491664060526, 279.69326971976284],
      [313.759641332108, 277.7922930176494],
      [312.9752109101846, 275.4462617513059],
      [312.818324825801, 275.52716205363845]
    ],
    [
      [296.0707353177522, 275.68896208525143],
      [296.5021720498089, 275.8507613528948],
      [296.8159442185788, 276.3361545731775]
    ],
    [
      [296.9336087818674, 276.4979507861135],
      [298.0318113725589, 278.034976751831],
      [298.2279189780402, 278.3989991374028],
      [298.26714049913426, 278.3989991374028],
      [301.1695330602488, 277.9945295819157],
      [305.680007986306, 280.0168297523355],
      [312.7791033047033, 275.68896208525143],
      [312.818324825801, 275.52716205363845]
    ],
    [
      [268.0665692551156, 319.5494015363645],
      [267.7920186074425, 319.34740505186846],
      [267.3213603542881, 319.42820378297756],
      [266.26237928469345, 319.7917958075268],
      [266.77225905894284, 321.40771554027015],
      [262.85010694932953, 320.76135642454415],
      [262.8893284704254, 323.06395741325355],
      [260.849809373427, 323.22553787959487],
      [260.2614865569849, 325.2856249121237],
      [259.4378346139656, 325.3664102254611],
      [259.2809485295811, 325.3664102254611],
      [259.2417270084861, 325.3664102254611],
      [258.53573962875544, 323.14474773763004],
      [256.49622053175517, 322.9023762172046],
      [255.00580273010291, 319.993789775232],
      [251.554308873644, 320.8825496498748],
      [249.82856194541364, 320.2361810269085],
      [245.20042245606965, 322.98316690644947],
      [242.4549159793405, 320.59976481748004],
      [240.92527665659145, 321.32692129049883],
      [240.80761209330376, 321.40771554027015]
    ],
    [
      [240.80761209330376, 321.40771554027015],
      [238.7288714752085, 316.31732033372055],
      [236.49324477272967, 316.96376005085267],
      [232.76720026859766, 315.7516759401635],
      [232.76720026859766, 319.6705988778633],
      [231.55133311461668, 320.0341884315312],
      [231.0022318192705, 322.25604413358747],
      [232.02199136777108, 324.3161869498374],
      [230.8453457348869, 326.53777682260716]
    ],
    [
      [230.8453457348869, 326.53777682260716],
      [231.31600398803948, 330.6574525313572],
      [226.4133138510242, 308.43788953779654],
      [226.7270860197914, 305.68977756730783],
      [224.60912388060297, 303.87105614438565],
      [218.9612248427593, 284.101513725916],
      [223.86391497977456, 282.8478503236229]
    ],
    [
      [240.80761209330376, 321.40771554027015],
      [241.67048555741894, 323.22553787959487],
      [239.98396015028538, 326.13386162636925],
      [241.67048555741894, 330.6574525313572],
      [241.12138426207275, 336.4726640206957],
      [243.98455530209048, 337.7244275717069],
      [242.84713119030403, 352.66151212406544],
      [245.20042245606965, 350.96625785508604],
      [246.49473265224242, 352.41933772757716],
      [250.73065693062472, 351.12771401115526],
      [250.65221388843293, 353.22657951810754],
      [252.14263169008518, 353.7512771895873],
      [252.26029625337287, 356.98002156841517],
      [255.3195748988719, 358.15037168765764],
      [253.82915709721874, 363.8805178663837]
    ],
    [
      [253.82915709721874, 363.8805178663837],
      [253.82915709721874, 363.8805178663837]
    ],
    [
      [253.82915709721874, 363.8805178663837],
      [255.5549040254491, 364.68750968051506],
      [255.0450242511988, 368.11702990035553],
      [255.00580273010291, 368.2380660312921],
      [255.0450242511988, 368.2380660312921],
      [255.8686761942172, 368.5204821450999]
    ],
    [
      [255.8686761942172, 368.5204821450999],
      [255.3195748988719, 371.10247343256276]
    ],
    [
      [255.3195748988719, 371.10247343256276],
      [255.3195748988719, 371.10247343256276]
    ],
    [
      [255.3195748988719, 371.10247343256276],
      [255.3195748988719, 371.1428156331775],
      [256.77077117942827, 372.31272055979787],
      [256.7315496583342, 372.3530614578515],
      [256.1040053207944, 373.6842867623326],
      [252.53484690104597, 374.57174407943694],
      [251.5150873525481, 375.98356481793303],
      [251.6719734369317, 376.02390177484756],
      [252.4956253799519, 376.346595874188],
      [254.33903687146903, 376.99197577717916],
      [259.6731637405419, 376.83063183810486],
      [260.6929232890416, 374.77343600138977],
      [259.6731637405419, 373.92632265516124],
      [261.43813218986816, 373.40190958244705],
      [269.4001009723843, 375.05580287432826],
      [268.7333351137486, 376.5482782818425],
      [270.69441116855705, 380.29937443202857],
      [272.9692593921309, 380.33970677401317],
      [273.63602525076476, 381.67064992903386],
      [270.9689618162274, 383.2838516250024],
      [271.2435124639005, 385.5018919025157],
      [269.2432148879989, 386.6310262897525],
      [270.02764530992044, 389.45371570940415],
      [274.57734175707174, 392.76002915363654],
      [272.930037871035, 393.60672198461555],
      [272.8908163499391, 395.2194184730597],
      [269.1647718458071, 395.7435302310025],
      [268.9686642403258, 395.7435302310025],
      [268.890221198134, 396.2273193483485],
      [268.6156705504609, 396.7111023714342]
    ],
    [
      [268.6156705504609, 396.7111023714342],
      [268.6156705504609, 396.5498420406875],
      [264.1444171455023, 397.5980220959473],
      [263.3599867235789, 399.17023862426777],
      [260.6144802468507, 399.9361670131641],
      [258.8495117975244, 397.114250237581],
      [255.4764609832564, 397.03362100266247],
      [254.5743659980444, 397.2351937728513],
      [255.00580273010291, 398.32366847428693],
      [252.0249671267975, 398.48492136664925],
      [252.0249671267975, 398.56554755950265]
    ],
    [
      [252.0249671267975, 398.56554755950265],
      [251.9465240846048, 398.56554755950265],
      [252.92706211200857, 402.39509746420754],
      [238.17977017986232, 369.9728741694039],
      [235.1989345765569, 359.68387787211975],
      [230.8453457348869, 326.53777682260716]
    ],
    [
      [304.7779130010931, 361.4997899521061],
      [303.64048888930665, 361.6612000567833],
      [301.6794128344991, 363.4366649066259],
      [301.2087545813447, 363.7594675845286],
      [301.2087545813447, 363.8401678162047],
      [301.4833052290178, 365.41378735561557],
      [302.58150781971017, 364.80855694344075],
      [305.9153371128814, 366.05935562400725],
      [299.56145069530794, 366.9873404243957],
      [299.52222917421204, 366.94699373926517],
      [292.0309186448512, 362.46824005359815],
      [291.48181734950504, 363.7594675845286],
      [289.75607042127467, 363.03315761798194],
      [288.7755323938718, 363.7191174030253],
      [286.30457656481485, 362.3068334573909],
      [282.57853206068285, 364.68750968051506],
      [280.8135636113575, 363.03315761798194],
      [280.5390129636844, 360.652375381983],
      [276.5384178118793, 362.8314023309432],
      [275.6755443477632, 360.36989955570186],
      [273.08692395541857, 359.5224591594397],
      [269.51776553567197, 360.1277757057086],
      [268.7333351137486, 361.9033138977229],
      [267.8704616496343, 360.9348490563965],
      [267.7527970863466, 361.98401816047544],
      [264.1051956244046, 363.39631437485036],
      [264.26208170879, 367.2697659987348],
      [262.73244238604, 366.2610934147011],
      [260.6537017679457, 367.43115108156314],
      [260.0261574304077, 365.97866020203253],
      [256.0255622786026, 367.8346107360924],
      [255.8686761942172, 368.5204821450999]
    ],
    [
      [337.6455476796509, 379.5330517557277],
      [338.3515350593825, 382.19494801637427],
      [336.93956029992114, 386.4293976084866],
      [337.6847692007468, 388.3649888534537],
      [334.507825991961, 391.3085121390584],
      [335.76291466703697, 391.6713965581879],
      [336.15512987799957, 395.2194184730597],
      [333.9195031755189, 398.40429500491643],
      [330.1934586713851, 400.9842548869101],
      [329.3698067283676, 403.9671185251216],
      [329.3305852072717, 404.0880405763187]
    ],
    [
      [329.3305852072717, 404.0880405763187],
      [319.01532515898907, 401.6292178895094],
      [313.7204198110103, 399.17023862426777],
      [313.3674261211472, 398.08178786888334],
      [309.6021600959175, 397.7592780295969],
      [300.1889950328459, 393.00194330176635],
      [299.75755830078924, 396.75141734836654],
      [303.36593824163356, 397.7189641095687],
      [302.0716280454617, 399.1299261820119],
      [296.737501176387, 397.67865014728534],
      [295.32552641692655, 398.56554755950265],
      [294.34498838952277, 397.5980220959473],
      [290.77582996977526, 401.8307666182927],
      [284.5396081154895, 399.4524245388534],
      [282.61775358177874, 401.5485981034517],
      [283.20607639822174, 403.6849656031153],
      [283.20607639822174, 403.72527328934905],
      [282.89230422945184, 403.7655809335995],
      [281.95098772314486, 403.9268110907749],
      [281.87254468095216, 403.9268110907749],
      [281.4018864277996, 402.23386092078556],
      [280.5782344847803, 403.1609618605098],
      [274.69500632036033, 402.0323142953099],
      [272.8908163499391, 403.4028106237067],
      [272.7731517866496, 399.3718002027399],
      [271.8710568014394, 399.21055102433434],
      [270.57674660526664, 399.4927366436441],
      [268.8117781559413, 398.64617358348926],
      [268.576449029365, 398.5252344841855],
      [268.5372275082682, 398.5252344841855],
      [268.576449029365, 398.16241490628545],
      [268.6156705504609, 396.7111023714342]
    ],
    [
      [329.3305852072717, 404.0880405763187],
      [328.62459782754013, 406.74823022371413],
      [325.40843309766024, 406.9094479743792],
      [323.25124943736955, 409.44853931109947],
      [328.50693326425244, 416.66188062384265],
      [328.15393957438755, 419.72412648956924],
      [331.1739966987898, 419.6032528876881],
      [331.1739966987898, 422.1012319026803],
      [335.0177057662113, 425.16305486860654],
      [335.72369314594107, 428.7885914330874],
      [332.31142081057624, 432.57490955913636],
      [332.03687016290314, 435.07207141418223],
      [330.3111232346746, 435.63592506428233],
      [330.7425599667313, 436.763608519105],
      [330.3503447557705, 436.72333465714405],
      [328.85992695411915, 436.48169063453304]
    ],
    [
      [328.85992695411915, 436.48169063453304],
      [327.95783196890625, 436.32059380900125],
      [319.01532515898907, 430.1178718312881],
      [312.9752109101846, 428.3857704077733],
      [311.01413485537887, 428.7885914330874],
      [309.7982677013988, 431.56794522112205],
      [308.46473598413104, 432.05129127959947],
      [310.2297044334573, 436.0386728038019],
      [307.9548562098789, 436.4011423028237],
      [305.6015649441124, 434.46793367558735],
      [304.6994699589013, 436.0386728038019],
      [300.6204317649026, 437.6093502649072],
      [298.5024696257133, 436.0386728038019],
      [299.16923548434715, 435.03179584911857],
      [296.9336087818674, 432.3735187273395],
      [295.24708337473294, 432.93741049253777],
      [292.109361687043, 431.89017657847216],
      [288.0303234930461, 426.9758646105],
      [286.42224112810254, 428.1440758302225],
      [284.4611650732977, 426.6535933880257],
      [283.6767346513752, 428.6677455546783],
      [285.6770322272778, 430.35955440002226],
      [284.4611650732977, 431.2859906444643],
      [285.4809246217965, 431.9304553148413],
      [283.20607639822174, 432.1721268778638],
      [282.06865228643346, 434.306828735555],
      [277.95039257133976, 433.01796580796656],
      [276.6168608540702, 434.3471050314895],
      [274.81267088364984, 434.306828735555],
      [273.79291133515017, 435.7970246467303],
      [273.7144682929584, 435.91784890773647]
    ],
    [
      [273.7144682929584, 435.91784890773647],
      [273.6752467718625, 435.9581235803056],
      [266.10549320030896, 426.8952970506042],
      [263.0462145548099, 424.67962491239336],
      [261.35968914767636, 424.71991096781187],
      [259.4378346139656, 422.26238640072893],
      [258.14352441779465, 418.8780034733975],
      [259.0456194030048, 418.6362506948967],
      [258.14352441779465, 418.6362506948967],
      [252.0249671267975, 398.56554755950265]
    ],
    [
      [328.85992695411915, 436.48169063453304],
      [328.78148391192553, 436.6427868116788],
      [328.70304086973374, 436.6427868116788],
      [327.99705349000396, 439.58267828790997],
      [325.9967559141005, 438.7772500023983],
      [325.7222052664274, 439.58267828790997],
      [329.6443573760407, 445.78393606935686],
      [329.01681303850273, 447.4347596751941],
      [332.58597145824933, 451.9842426074184],
      [334.0763892599025, 452.58811797434396],
      [333.8410601333271, 454.480202819812],
      [336.11590835690185, 457.0967713521276],
      [336.312015962385, 457.1772784969726],
      [336.35123748347905, 457.2175320099906],
      [337.8416552851304, 460.5986859045205],
      [335.48836401936387, 464.94547489222043],
      [335.48836401936387, 464.9857207953919],
      [333.05662971140373, 466.07234534818747],
      [330.3503447557705, 464.34178163275794],
      [329.05603455959863, 465.5491593187412],
      [331.80154103632776, 471.38432126435066],
      [329.5659143338489, 471.7062373332544],
      [325.48687613985203, 478.18426946622856],
      [323.64346464833216, 478.1038031812699],
      [324.74166723902454, 479.27054917983753],
      [323.83957225381346, 481.28210395923804],
      [326.1144204773882, 480.8798007169298],
      [325.3299900554666, 482.60967732999484],
      [326.7419648149262, 484.70152612540494],
      [326.7419648149262, 484.7417529689692],
      [326.0359774351964, 485.18424571556864],
      [325.565319182042, 483.69584255801703],
      [321.3293949036615, 484.54061836732683],
      [318.0347871315862, 488],
      [306.1506662394586, 479.02915612231254],
      [303.32671672053766, 474.080291402542],
      [275.5971013055714, 439.945115745173],
      [273.7144682929584, 435.91784890773647]
    ],
    [
      [138.71399268007463, 55.12975146910617],
      [138.67477115897873, 55.170488179282984],
      [146.20530320943544, 55.12975146910617],
      [152.0493098527586, 63.235219046382554],
      [151.30410095193292, 64.86418343065839],
      [153.42206309112316, 65.84151795171601],
      [156.0499050045646, 69.62837728892578],
      [157.65798736950546, 70.72769532850543],
      [160.56037993061818, 69.75052579638191],
      [162.32534837994626, 70.56483602658727],
      [163.69810161830992, 74.88029890024973],
      [165.0316333355786, 75.9794182170017],
      [169.4636652194422, 74.92100776332609],
      [169.34600065615268, 76.67143501953888],
      [171.03252606328624, 77.40414077725063],
      [170.71875389451725, 79.03230987442839],
      [174.83701360961186, 77.40414077725063],
      [180.09269743649293, 78.05541932289952],
      [179.15138093018595, 80.66038814629678],
      [179.15138093018595, 80.70108894044006],
      [179.19060245128185, 80.78249035866338],
      [179.89658983101162, 82.69535844724055],
      [182.21065957568317, 85.29991400306358],
      [182.91664695541385, 88.3925233188495],
      [184.7992799680287, 88.67735253679984],
      [187.23101427598885, 91.93234777093858],
      [194.33010959438707, 93.15287825555197]
    ],
    [
      [153.50050613331587, 119.09761776859227],
      [151.7747592050864, 118.77243127603629],
      [151.30410095193292, 118.6504854351058],
      [150.44122748781774, 118.48789021148286],
      [145.30320822422527, 112.10533212872883],
      [142.91069543736012, 111.5767791244964],
      [143.7343473803803, 110.68228353305653],
      [142.24392957872624, 110.35700577399939],
      [141.22417003022656, 107.87664638168462],
      [135.6939355556733, 102.3459216246647],
      [132.51699234688567, 101.93921009415885],
      [128.59484023727236, 97.05823669830374],
      [126.90831483013972, 92.01371804204041],
      [125.65322615506284, 91.68823560955752],
      [121.37808035558464, 85.78824240226754],
      [118.828681484335, 84.16044943995803],
      [116.00473196541498, 86.03240355324078],
      [112.20024441909027, 76.95637833663523]
    ]
  ],
  "bbox": [80.47003385231983, -2.2737367544323206e-13, 351.529966147682, 488]
}
